query_id,query,model,versi,db,rank,sutta_id,ref,author,retrieved_text,cosine_sim,grade
1,cara mengatasi kemarahan,gpl-gte-multilingual-base,exp4.0,id,1,sn11.25,sn11.25:md3,anggara,"“‘Jangan biarkan kemarahan menguasaimu; Jangan marah pada mereka yang marah. Tanpa-kemarahan dan tidak-membahayakan, selalu berdiam Dalam [hati] para mulia. Bagaikan gunung salju yang longsor Kemarahan menggilas orang-orang jahat.’”",0.711,
1,cara mengatasi kemarahan,gpl-gte-multilingual-base,exp4.0,id,2,thag6.12,thag6.12:md1,anggara,"Bagi seorang yang tanpa kemarahan, jinak, hidup tenang, Terbebaskan melalui pengetahuan benar, Damai, seimbang: Dari manakah kemarahan dapat mucul?",0.6988,
1,cara mengatasi kemarahan,gpl-gte-multilingual-base,exp4.0,id,3,sn1.71,sn1.71:md3,anggara,"Sang Bhagavā: “Setelah membunuh kemarahan, seseorang tidur dengan lelap; Setelah membunuh kemarahan, seseorang tidak bersedih; Pembunuhan kemarahan, O devatā, Dengan akarnya yang beracun dan pucuknya yang bermadu: Inilah pembunuhan yang dipuji oleh para mulia, Karena setelah membunuhnya, seseorang tidak bersedih.”",0.6854,
1,cara mengatasi kemarahan,gpl-gte-multilingual-base,exp4.0,id,4,sn7.1,sn7.1:md7,anggara,"Sang Bhagavā: “Setelah membunuh kemarahan, seseorang tidur dengan lelap; Setelah membunuh kemarahan, seseorang tidak bersedih; Pembunuhan kemarahan, O brahmana, Dengan akarnya yang beracun dan pucuknya yang bermadu: Inilah pembunuhan yang dipuji oleh para mulia, Karena setelah membunuhnya, seseorang tidak bersedih.”",0.6832,
1,cara mengatasi kemarahan,gpl-gte-multilingual-base,exp4.0,id,5,thig13.3,thig13.3:md3,anggara,"Cāpā Therī: “Jangan marah padaku, pahlawan besar! Jangan marah padaku, sang bijaksana agung! Jika engkau terbenam dalam kemarahan maka engkau tidak dapat mempertahankan kemurnian, Apalagi berlatih keras.”",0.6807,
2,cara mengatasi ngantuk,gpl-gte-multilingual-base,exp4.0,id,1,mn101,mn101:md10,anggara,"“Ketika hal ini dikatakan, Para Nigaṇṭha berkata kepadaKu: ‘Teman, Nigaṇṭha Nātaputta adalah maha-tahu dan maha-melihat, memiliki pengetahuan dan penglihatan lengkap sebagai berikut: “Apakah Aku berjalan atau berdiri atau terlelap atau terjaga, pengetahuan dan penglihatan terus-menerus dan tanpa terputus ada padaKu.” Ia berkata sebagai berikut: “Para Nigaṇṭha, kalian telah melakukan perbuatan jahat di masa lampau, padamkanlah dengan melaksanakan pertapaan keras. Dan ketika kalian di sini dan saat ini terkendali dalam jasmani, ucapan, dan pikiran, itu berarti tidak melakukan perbuatan jahat di masa depan. Jadi dengan memusnahkan perbuatan lampau melalui pertapaan dan dengan tidak melakukan perbuatan baru, maka tidak akan ada akibat di masa depan … maka segala penderitaan akan menjadi padam.” Kami menyetujui dan menerima ini, dan kami merasa puas.’",0.5511,
2,cara mengatasi ngantuk,gpl-gte-multilingual-base,exp4.0,id,2,thag2.11,thag2.11:md2,anggara,"Manfaatkanlah tempat-tempat tinggal yang sunyi! Berlatihlah untuk terlepas dari belenggu-belenggu! Jika engkau tidak menemukan kesenangan di sana, Menetaplah di tengah-tengah Saṅgha, waspada dan penuh perhatian.",0.5459,
2,cara mengatasi ngantuk,gpl-gte-multilingual-base,exp4.0,id,3,dn19,dn19:md71,anggara,"“Jika kalian meninggalkan nafsu-nafsu yang mengikat kebanyakan orang, Kerahkanlah dirimu, kuatlah dan bertahanlah dengan sabar! Ini adalah jalan yang lurus, jalan yang tanpa tandingan, Jalan kebenaran, yang dijaga oleh kebajikan, menuju alam Brahmā.”",0.539,
2,cara mengatasi ngantuk,gpl-gte-multilingual-base,exp4.0,id,4,dn33,dn33:md246,anggara,‘Sembilan cara mengatasi kedengkian āghāta-paṭivinaya ). Kedengkian diatasi dengan pikiran: (a)–(i) “Ia telah melukaiku …” seperti (1) . “Apalah gunanya [memendam kedengkian]?”,0.539,
2,cara mengatasi ngantuk,gpl-gte-multilingual-base,exp4.0,id,5,mn56,mn56:md97,anggara,"“Penjaga pintu, pergilah temui perumah-tangga Upāli dan katakan kepadanya: ‘Tuan, Nigaṇṭha Nātaputta sedang berdiri di gerbang luar bersama sejumlah besar para Nigaṇṭha; ia ingin menemui Tuan.’”",0.5373,
3,apa penyebab penderitaan,gpl-gte-multilingual-base,exp4.0,id,1,sn12.23,sn12.23:md13,anggara,"“Aku mengatakan, para bhikkhu, bahwa penderitaan juga memiliki penyebab terdekat; bukan tanpa penyebab terdekat. Dan apakah penyebab terdekat bagi penderitaan? Ini harus dijawab: kelahiran.",0.7764,
3,apa penyebab penderitaan,gpl-gte-multilingual-base,exp4.0,id,2,sn22.19,sn22.19:md2,anggara,"“Perasaan adalah penderitaan … Persepsi adalah penderitaan … Bentukan-bentukan kehendak adalah penderitaan … Kesadaran adalah penderitaan. Penyebab dan kondisi bagi munculnya kesadaran adalah juga penderitaan. Karena kesadaran berasal-mula dari apa yang merupakan penderitaan, bagaimana mungkin ia adalah kebahagiaan?",0.7532,
3,apa penyebab penderitaan,gpl-gte-multilingual-base,exp4.0,id,3,mn9,mn9:md22,anggara,"“Dan apakah asal-mula penderitaan? Yaitu ketagihan, yang memperbarui penjelmaan, disertai oleh kenikmatan dan nafsu, dan kenikmatan akan ini dan itu; yaitu, ketagihan pada kenikmatan indria , ketagihan untuk menjelma, dan ketagihan untuk tidak menjelma. Ini disebut asal-mula penderitaan.",0.7288,
3,apa penyebab penderitaan,gpl-gte-multilingual-base,exp4.0,id,4,snp3.12,snp3.12:md8,anggara,"Penderitaan apapun yang muncul di dunia Semuanya disebabkan oleh pilihan kamma. Dengan lenyapnya pilihan demikian, Maka tidak ada munculnya penderitaan.",0.728,
3,apa penyebab penderitaan,gpl-gte-multilingual-base,exp4.0,id,4,snp3.12,snp3.12:md11,anggara,"Penderitaan apapun yang muncul di dunia, Semuanya disebabkan oleh kesadaran. Dengan lenyapnya ksadaran, Maka tidak ada kemunculan penderitaan.",0.7026,
4,mengapa harus membalas budi orangtua,gpl-gte-multilingual-base,exp4.0,id,1,an2.32-41,an2.32-41:md8,anggara,"“Bahkan jika seseorang menggendong ibunya di satu bahunya dan ayahnya di bahu lainnya, dan selagi ia melakukan demikian ia memiliki umur kehidupan selama seratus tahun, dan hidup selama seratus tahun; dan jika ia melayani mereka dengan cara meminyaki mereka dengan balsam, dengan cara memijat mereka, memandikan mereka, dan menggosok bagian-bagian tubuh mereka, dan mereka bahkan membuang kotoran dan air kencing mereka di sana, ia masih tetap belum cukup melakukan untuk kedua orangtuanya, juga belum membalas mereka. Bahkan jika ia mengangkat orangtuanya menjadi raja tertinggi dan penguasa di seluruh penjuru bumi ini yang berlimpah dengan tujuh pusaka, ia tetap masih belum cukup melakukan untuk kedua orangtuanya, juga belum membalas mereka. Karena alasan apakah? Orangtua adalah bantuan besar bagi anak-anak mereka; mereka membesarkan anak-anak mereka, memberi mereka makan, dan menunjukkan dunia ini kepada mereka.",0.6775,
4,mengapa harus membalas budi orangtua,gpl-gte-multilingual-base,exp4.0,id,1,an2.32-41,an2.32-41:md9,anggara,"“Tetapi, para bhikkhu, jika orangtuanya tidak berkeyakinan, ia mendorong, memantapkan, dan menegakkan mereka dalam keyakinan; jika, orangtuanya tidak bermoral, ia mendorong, memantapkan, dan menegakkan mereka dalam perilaku bermoral; jika orangtuanya adalah orang-orang kikir, ia mendorong, memantapkan, dan menegakkan mereka dalam kedermawanan; jika orangtuanya tidak bijaksana, ia mendorong, memantapkan, dan menegakkan mereka dalam kebijaksanaan: maka dengan cara demikian, ia telah cukup melakukan untuk orangtuanya, membalas mereka, dan melakukan lebih dari cukup untuk mereka.”",0.6316,
4,mengapa harus membalas budi orangtua,gpl-gte-multilingual-base,exp4.0,id,2,thag7.3,thag7.3:md2,anggara,"Demi belas kasihan, Menginginkan kebaikanku dan mengusahakan kesejahteraanku, Ayah dan ibuku Membawaku menghadap Sang Buddha.",0.599,
4,mengapa harus membalas budi orangtua,gpl-gte-multilingual-base,exp4.0,id,3,dn14,dn14:md22,anggara,"‘Adalah dhammatābahwa sejak seorang Bodhisatta telah memasuki rahim ibuNya, ibuNya akan, secara alami menjadi lebih berbudi, menghindari pembunuhan, dari mengambil apa yang tidak diberikan, dari melakukan hubungan seksual yang salah, dari berbohong, atau dari meminum minuman keras dan obat-obatan yang dapat melemahkan kesadaran. Ini adalah dhammatā.",0.5933,
4,mengapa harus membalas budi orangtua,gpl-gte-multilingual-base,exp4.0,id,4,an5.42,an5.42:md1,anggara,"“Para bhikkhu, ketika seorang baik terlahir dalam suatu keluarga, itu adalah demi kebaikan, kesejahteraan, dan kebahagiaan banyak orang. Itu adalah demi kebaikan, kesejahteraan, dan kebahagiaan (1) ibu dan ayahnya, (2) istri dan anak-anaknya, (3) para budak, pekerja, dan pelayan, (4) teman-teman dan kerabatnya, dan (5) para petapa dan brahmana. Seperti halnya awan hujan yang besar, memelihara tanaman, muncul demi kebaikan, kesejahteraan, dan kebahagiaan banyak orang, demikian pula, ketika seorang baik terlahir dalam suatu keluarga, itu adalah demi kebaikan, kesejahteraan, dan kebahagiaan banyak orang. Itu adalah demi kebaikan, kesejahteraan, dan kebahagiaan ibu dan ayahnya … para petapa dan brahmana.”",0.5916,
5,perumpamaan perumpamaan,gpl-gte-multilingual-base,exp4.0,id,1,sn6.10,sn6.10:md10,anggara,"“Apakah mungkin dengan perumpamaan, Yang Mulia?”",0.6673,
5,perumpamaan perumpamaan,gpl-gte-multilingual-base,exp4.0,id,2,sn12.67,sn12.67:md9,anggara,"“Baiklah, sahabat, aku akan memberikan perumpamaan untukmu, karena beberapa orang cerdas memahami makna suatu pernyataan melalui perumpamaan. Bagaikan dua ikat buluh dapat berdiri dengan bersandar satu sama lain, demikian pula, dengan nama-dan-bentuk sebagai kondisi, maka kesadaran [muncul]; dengan kesadaran sebagai kondisi, maka nama-dan-bentuk [muncul]. Dengan nama-dan-bentuk sebagai kondisi, maka enam landasan indria [muncul]; dengan enam landasan indria sebagai kondisi, maka kontak … Demikianlah asal mula keseluruhan kumpulan penderitaan ini.",0.6063,
5,perumpamaan perumpamaan,gpl-gte-multilingual-base,exp4.0,id,3,mn23,mn23:md19,anggara,"“Brahmana adalah perumpamaan bagi Sang Tathāgata, yang sempurna dan tercerahkan sempurna. Sang bijaksana adalah perumpamaan bagi seorang bhikkhu dalam latihan yang lebih tinggi. Pisau adalah perumpamaan bagi kebijaksanaan mulia. Menggali adalah perumpamaan bagi pengerahan kegigihan.",0.6043,
5,perumpamaan perumpamaan,gpl-gte-multilingual-base,exp4.0,id,4,an8.8,an8.8:md9,anggara,"“Baiklah, penguasa para deva, aku akan memberikan sebuah perumpamaan kepadamu; bahkan dengan sebuah perumpamaan, seorang yang cerdas dapat memahami makna dari apa yang telah dikatakan. Misalkan tidak jauh dari sebuah desa terdapat tumpukan besar padi, dan sekumpulan besar orang-orang mengambil padi-padi tersebut dengan tongkat pikulan, keranjang, kantung pinggang, dan dengan kedua tangan mereka. Jika seseorang mendatangi kumpulan orang-orang itu dan bertanya kepada mereka: ‘Dari manakah kalian mendapatkan padi-padi ini?’ Bagaimanakah mereka harus menjawab?”",0.6038,
5,perumpamaan perumpamaan,gpl-gte-multilingual-base,exp4.0,id,5,dn23,dn23:md49,anggara,"‘Pangeran, aku akan memberikan sebuah perumpamaan … Suatu ketika, beberapa penduduk dari suatu daerah merantau. Dan seseorang berkata kepada temannya: “Ayo, mari kita pergi ke desa itu, kita mungkin menemukan sesuatu yang berharga!” temannya setuju, maka mereka pergi ke daerah itu, dan sampai ke jalan desa. Dan di sana mereka melihat tumpukan rami yang telah dibuang, dan salah seorang berkata: “Ini adalah tumpukan rami. Engkau buat seikat, aku buat seikat, dan kita berdua akan membawanya.” Yang lainnya setuju, dan mereka melakukan hal itu. Kemudian, mereka sampai ke jalan desa yang lain, mereka menemukan tumpukan benang rami, dan salah satu dari mereka berkata: “Tumpukan benang rami ini adalah apa yang kita butuhkan dari rami ini. Mari kita buang rami yang kita bawa, dan kita melanjutkan perjalanan dengan membawa beban benang rami ini.” “Aku telah membawa rami ini menempuh perjalanan yang jauh dan rami ini sudah terikat dengan baik. Ini cukup buatku—engkau lakukanlah apa yang engkau suka!” Maka temannya membuang rami itu dan mengambil benang rami.",0.6038,
6,apa itu kemurahan hati,gpl-gte-multilingual-base,exp4.0,id,1,an2.151-162,an2.151-162:md2,anggara,"“Para bhikkhu, ada dua jenis kemurahan hati ini. Apakah dua ini? Kemurahan hati dengan benda-benda materi dan kemurahan hati dengan Dhamma. Ini adalah kedua jenis kemurahan hati itu. Di antara kedua jenis kemurahan hati ini, kemurahan hati dengan Dhamma adalah yang terunggul.”",0.7337,
6,apa itu kemurahan hati,gpl-gte-multilingual-base,exp4.0,id,2,dn33,dn33:md25,anggara,‘Kejujuran dan kerendahan hati ( ajjavañ ca lajjavañ ca ).,0.5926,
6,apa itu kemurahan hati,gpl-gte-multilingual-base,exp4.0,id,3,an3.121,an3.121:md5,anggara,"“Ketika terdapat niat buruk dalam dirinya … Ketika terdapat ketumpulan dan kantuk dalam dirinya … Ketika terdapat kegelisahan dan penyesalan dalam dirinya … … Ketika terdapat keragu-raguan dalam dirinya, ia memahami: ‘Terdapat keragu-raguan dalam diriku’; atau ketika tidak terdapat keragu-raguan dalam dirinya, ia memahami: ‘Tidak terdapat keragu-raguan dalam diriku’; dan ia juga memahami bagaimana keragu-raguan yang belum muncul menjadi muncul, bagaimana keragu-raguan yang telah muncul ditinggalkan, dan bagaimana keragu-raguan yang telah ditinggalkan tidak muncul lagi di masa depan. Ini disebut kemurnian pikiran.",0.5558,
6,apa itu kemurahan hati,gpl-gte-multilingual-base,exp4.0,id,4,an3.120,an3.120:md4,anggara,"(3) “Dan apakah kemurnian pikiran? Di sini, seseorang adalah tanpa kerinduan, tanpa niat buruk, dan menganut pandangan benar. Ini disebut kemurnian pikiran.",0.5554,
6,apa itu kemurahan hati,gpl-gte-multilingual-base,exp4.0,id,2,dn33,dn33:md99,anggara,"‘Tiga kemurnian: jasmani, ucapan, pikiran ( kāya-socceyyaṁ, vacī socceyyaṁ, mano-socceyyaṁ.",0.5528,
7,penjelasan tentang perhatian murni,gpl-gte-multilingual-base,exp4.0,id,1,sn48.10,sn48.10:md4,anggara,"“Dan apakah, para bhikkhu, indria perhatian? Di sini, para bhikkhu, siswa mulia penuh perhatian, memiliki perhatian dan kewaspadaan tertinggi, seorang yang mengingat apa yang ia lakukan dan katakan pada waktu yang telah lama berlalu. Ia berdiam dengan merenungkan jasmani dalam jasmani … perasaan dalam perasaan … pikiran dalam pikiran … fenomena dalam fenomena, tekun, memahami dengan jernih, penuh perhatian, setelah melenyapkan ketamakan dan ketidak-senangan sehubungan dengan dunia. Ini disebut indria perhatian.",0.6634,
7,penjelasan tentang perhatian murni,gpl-gte-multilingual-base,exp4.0,id,2,an7.70,an7.70:md5,anggara,"“Di sini, Bhante, ketika aku sedang sendirian dalam keterasingan, pemikiran berikut ini muncul dalam pikiranku … [Di sini ia menceritakan keseluruhan pemikirannya seperti disebutkan di atas, hingga:] … Dengan demikian kualitas-kualitas ini akan menjadi murni dalam diriku dan akan lebih dikenal luas sebagai murni.”",0.6408,
7,penjelasan tentang perhatian murni,gpl-gte-multilingual-base,exp4.0,id,3,sn36.7,sn36.7:md3,anggara,"“Dan bagaimanakah, para bhikkhu, seorang bhikkhu penuh perhatian? Di sini, para bhikkhu, seorang bhikkhu berdiam dengan merenungkan jasmani di dalam jasmani, tekun, memahami dengan jernih, penuh perhatian, setelah menyingkirkan ketamakan dan ketidak-senangan sehubungan dengan dunia. Ia berdiam dengan merenungkan perasaan di dalam perasaan … pikiran di dalam pikiran … fenomena pikiran di dalam fenomena pikiran, tekun, memahami dengan jernih, penuh perhatian, setelah menyingkirkan ketamakan dan ketidak-senangan sehubungan dengan dunia. Demikianlah bahwa seorang bhikkhu penuh perhatian.",0.6367,
7,penjelasan tentang perhatian murni,gpl-gte-multilingual-base,exp4.0,id,4,mn118,mn118:md9,anggara,"“Para bhikkhu, kelompok ini bebas dari obrolan, kelompok ini bebas dari para pengoceh. Murni terdiri dari hanya inti kayu. Demikianlah Sangha para bhikkhu, demikianlah kelompok ini. Kelompok yang demikian adalah layak menerima pemberian, layak menerima keramahan, layak menerima persembahan, layak menerima penghormatan, lahan jasa yang tiada bandingnya di dunia ini—demikianlah Sangha para bhikkhu, demikianlah kelompok ini. Kelompok yang sedemikian sehingga pemberian kecil yang diberikan kepada kelompok itu akan menjadi besar dan pemberian besar menjadi lebih besar—demikianlah Sangha para bhikkhu, demikianlah kelompok ini. Kelompok yang sedemikian yang jarang terlihat di dunia ini—demikianlah Sangha para bhikkhu, demikianlah kelompok ini. Kelompok yang sedemikian sehingga layak menempuh perjalanan sejauh banyak liga dengan membawa tas perjalanan untuk menemuinya—demikianlah Sangha para bhikkhu, demikianlah kelompok ini.",0.6354,
7,penjelasan tentang perhatian murni,gpl-gte-multilingual-base,exp4.0,id,5,snp4.4,snp4.4:md1,anggara,"“Aku melihat seorang yang murni”, sepenuhnya bebas dari penyakit, Maka dengan “melihat” demikian (dikatakan) seorang yang mencapai kemurnian. Meyakini hal ini dan menganggapnya tertinggi Orang itu mengandalkan pengetahuan ini Sewaktu merenungkan kemurnian.",0.6347,
8,manfaat pelaksaan sila,gpl-gte-multilingual-base,exp4.0,id,1,pli-tv-bu-vb-pj2,pli-tv-bu-vb-pj2:md366,anggara,"“Tetapi apakah yang telah engkau lakukan?” Ia memberitahunya. Yang Mulia Daḷhika mengambil serban tersebut dan memperkirakan nilainya. Serban itu bernilai kurang dari lima keping uang māsaka . Dengan berkata, “Tidak ada pelanggaran yang mengharuskan pengusiran,” ia membabarkan ajaran. Dan bhikkhu itu menjadi gembira.",0.5664,
8,manfaat pelaksaan sila,gpl-gte-multilingual-base,exp4.0,id,2,an3.69,an3.69:md2,anggara,"(1) “Keserakahan apa pun yang muncul, para bhikkhu, adalah tidak bermanfaat. [Perbuatan] apa pun yang dilakukan oleh seorang yang serakah melalui jasmani, ucapan, dan pikiran adalah juga tidak bermanfaat. Ketika seseorang serakah, dikendalikan oleh keserakahan, dengan pikiran dikuasai oleh keserakahan, maka ia mengakibatkan penderitaan pada orang lain dengan alasan palsu - dengan membunuh, dengan memenjarakan, dengan merampas, dengan mencela, atau dengan mengusir—[dengan berpikir]: ‘Aku berkuasa, aku ingin berkuasa,’ itu juga tidak bermanfaat. Demikianlah banyak kualitas buruk yang tidak bermanfaat yang berasal-mula dari dalam dirinya muncul dari keserakahan, disebabkan oleh keserakahan, timbul dari keserakahan, dikondisikan oleh keserakahan.",0.5616,
8,manfaat pelaksaan sila,gpl-gte-multilingual-base,exp4.0,id,3,pv32,pv32,blurb,Menjaga sila bahkan untuk waktu yang singkat akan memberikan manfaat.,0.5523,
8,manfaat pelaksaan sila,gpl-gte-multilingual-base,exp4.0,id,2,an3.69,an3.69:md9,anggara,"(1) “Ketidak-serakahan apa pun yang muncul, para bhikkhu, adalah bermanfaat. [Perbuatan] apa pun yang dilakukan oleh seorang yang tidak serakah melalui jasmani, ucapan, dan pikiran adalah juga bermanfaat. Ketika seseorang tidak serakah, tidak dikendalikan oleh keserakahan, dengan pikiran tidak dikuasai oleh keserakahan, maka ia tidak mengakibatkan penderitaan pada orang lain dengan alasan palsu - dengan membunuh, dengan memenjarakan, dengan merampas, dengan mencela, atau dengan mengusir—dengan berpikir: ‘Aku berkuasa, aku menginginkan kekuasaan,’ itu juga adalah bermanfaat. Demikianlah banyak kualitas baik yang bermanfaat yang berasal-mula dari dalam dirinya muncul dari ketidak-serakahan, disebabkan oleh ketidak-serakahan, timbul dari ketidak-serakahan, dikondisikan oleh ketidak-serakahan.",0.5518,
8,manfaat pelaksaan sila,gpl-gte-multilingual-base,exp4.0,id,4,an3.155,an3.155:md2,anggara,"Sungguh menyenangkan dan menguntungkan, fajar yang berbahagia dan terjaga dengan penuh kegembiraan, momen berharga dan jam yang penuh kebahagiaan akan menghampiri mereka yang mempersembahkan dana kepada mereka yang menjalani kehidupan spiritual. Perbuatan jasmani dan ucapan yang lurus, pikiran dan aspirasi yang lurus: ketika seseorang melakukan apa yang lurus ia akan memperoleh manfaat yang lurus. Mereka orang-orang bahagia yang telah memperoleh manfaat demikian akan tumbuh berkembang dalam ajaran Buddha. Semoga engkau dan sanak saudaramu sehat dan berbahagia!",0.5505,
9,jenis jenis kotoran batin,gpl-gte-multilingual-base,exp4.0,id,1,mn7,mn7,blurb,"Berbagai jenis ketidakmurnian yang mengotori batin diumpamakan seperti kain kotor. Ketika batin bersih, kita menemukan kegembiraan (<i lang='pi' translate='no'>pāmojja</i>) yang mengarah ke keadaan kesadaran yang lebih tinggi. Akhirnya, Sang Buddha menolak gagasan Brahmanis bahwa kesucian berasal dari aktivitas mandi di sungai suci.",0.6968,
9,jenis jenis kotoran batin,gpl-gte-multilingual-base,exp4.0,id,2,thag10.5,thag10.5:md1,anggara,"Dipenuhi dengan berbagai jenis kotoran, Penghasil besar kotoran-tinja, Bagaikan kakus yang tidak bergerak, Bisul besar, luka besar,",0.6948,
9,jenis jenis kotoran batin,gpl-gte-multilingual-base,exp4.0,id,3,mn10,mn10:md16,anggara,"“Kemudian, seorang bhikkhu memeriksa jasmani yang sama ini dari telapak kaki ke atas dan dari ujung rambut ke bawah, terbungkus oleh kulit, sebagai dipenuhi kotoran: ‘Di dalam jasmani ini terdapat rambut kepala, bulu badan, kuku, gigi, kulit, daging, urat, tulang, sumsum, ginjal, jantung, hati, sekat rongga dada, limpa, paru-paru, usus, selaput pengikat organ dalam tubuh, isi perut, tinja, empedu, dahak, nanah, darah, keringat, lemak, air mata, minyak, ludah, ingus, cairan sendi, dan air kencing.’ Bagaikan ada sebuah karung, yang terbuka di kedua ujungnya, penuh dengan berbagai jenis biji-bijian seperti beras-gunung, beras merah, kacang buncis, kacang polong, milet, dan beras putih, dan seorang yang berpenglihatan baik membuka karung itu dan memeriksanya: ‘Ini adalah beras-gunung, Ini adalah beras-merah, Ini adalah kacang buncis, Ini adalah kacang polong, Ini adalah milet, ini adalah beras putih’; demikian pula seorang bhikkhu memeriksa jasmani ini … sebagai dipenuhi kotoran: ‘Di dalam jasmani ini terdapat rambut kepala … dan air kencing.’",0.6574,
9,jenis jenis kotoran batin,gpl-gte-multilingual-base,exp4.0,id,4,mn129,mn129:md27,anggara,"“Ada binatang-binatang yang memakan kotoran. Binatang-binatang itu mencium bau kotoran dari kejauhan dan mendatanginya, dengan berpikir: ‘Kami bisa makan, kami bisa makan!’ Seperti halnya para brahmana yang mendatangi aroma suatu pengorbanan, dengan berpikir: ‘Kami bisa makan di sini, kami bisa makan di sini!’ demikian pula binatang-binatang yang memakan kotoran ini mencium kotoran dari kejauhan dan mendatanginya, dengan berpikir: ‘Kami bisa makan di sini, kami bisa makan di sini!’ Dan binatang-binatang apakah yang memakan kotoran? Unggas, babi, anjing, dan serigala, dan binatang-binatang lain semacam itu. Seorang dungu yang sebelumnya bersenang dalam rasa kecapan di sini dan melakukan perbuatan jahat di sini, ketika hancurnya jasmani, setelah kematian, akan muncul kembali di tengah-tengah binatang-binatang pemakan kotoran itu.",0.6276,
9,jenis jenis kotoran batin,gpl-gte-multilingual-base,exp4.0,id,5,an5.23,an5.23:md1,anggara,"“Para bhikkhu, ada lima kotoran ini pada emas, yang dengan dikotori olehnya maka emas menjadi tidak lunak, tidak lentur, dan tidak bersinar, melainkan rapuh dan tidak dapat dikerjakan dengan baik. Apakah lima ini? Besi, tembaga, timah, timbel, dan perak. Ini adalah kelima kotoran pada emas, yang dengan dikotori olehnya emas menjadi tidak lunak, tidak lentur, dan tidak cerah, melainkan rapuh dan tidak dapat dikerjakan dengan baik. Tetapi ketika emas terbebas dari kelima kotoran ini, maka emas menjadi lunak, lentur, dan bersinar, dapat dibentuk, dan dapat dikerjakan dengan baik. Kemudian perhiasan apa pun yang seseorang ingin hasilkan dari emas ini—apakah gelang, anting-anting, kalung, atau kalung bunga emas—ia dapat mencapai tujuannya.",0.6257,
10,kriteria kesucian,gpl-gte-multilingual-base,exp4.0,id,1,sn12.17,sn12.17:md22,anggara,"“Kassapa, seseorang yang sebelumnya berasal dari sekte lain yang ingin melepaskan keduniawian dan penahbisan yang lebih tinggi dalam Dhamma dan Disiplin ini harus menjalani masa percobaan selama empat bulan. Pada akhir dari empat bulan, jika para bhikkhu merasa puas terhadapnya, mereka boleh, jika mereka menginginkan, memberikan penahbisan yang lebih tinggi menjadi seorang bhikkhu kepadanya. Namun Aku mengenali perbedaan-perbedaan individual.”",0.6022,
10,kriteria kesucian,gpl-gte-multilingual-base,exp4.0,id,2,dn33,dn33:md167,anggara,"‘Lima jenis kekikiran ( macchariyāni ): sehubungan dengan tempat tinggal, keluarga, perolehan, kecantikan ( vaṇṇa ), Dhamma.",0.5738,
10,kriteria kesucian,gpl-gte-multilingual-base,exp4.0,id,3,sn16.13,sn16.13:md7,anggara,"“Ada lima faktor, Kassapa, yang mengarah pada kelangsungan Dhamma sejati, pada ketidak-rusakannya dan ketidak-lenyapannya. Apakah lima ini? Di sini para bhikkhu, para bhikkhunī, umat awam laki-laki, umat awam perempuan berdiam dengan penuh penghormatan dan kesopanan terhadap Sang Guru; mereka berdiam dengan penuh penghormatan dan kesopanan terhadap Dhamma; mereka berdiam dengan penuh penghormatan dan kesopanan terhadap Saṅgha; mereka berdiam dengan penuh penghormatan dan kesopanan terhadap latihan; mereka berdiam dengan penuh penghormatan dan kesopanan terhadap konsentrasi. Ini, Kassapa, adalah lima faktor yang mengarah pada kelangsungan Dhamma sejati, pada ketidak-rusakannya dan ketidak-lenyapannya.”",0.5737,
10,kriteria kesucian,gpl-gte-multilingual-base,exp4.0,id,4,an8.49,an8.49:md8,anggara,"“Dengan memiliki empat kualitas [lainnya], Visākhā, seorang perempuan mengarah pada kemenangan di dunia lain dan kehidupannya di dunia berikutnya. Apakah empat ini? Di sini, seorang perempuan sempurna dalam keyakinan, sempurna dalam perilaku bermoral, sempurna dalam kedermawanan, dan sempurna dalam kebijaksanaan.",0.5515,
10,kriteria kesucian,gpl-gte-multilingual-base,exp4.0,id,5,thig13.5,thig13.5:md16,karniawan,"Keserakahan adalah sebuah hambatan, ancaman, Penuh dengan kesedihan dan duri; Di luar keseimbangan, Gerbang besar menuju kebingungan.",0.5461,
11,siapa yang layak disebut sebagai brahmana,gpl-gte-multilingual-base,exp4.0,id,1,mn98,mn98:md3,anggara,"Kemudian, sewaktu murid brahmana Vāseṭṭha dan Bhāradvāja sedang berjalan-jalan untuk berolah-raga, diskusi berikut ini terjadi antara mereka: “Bagaimanakah seseorang disebut seorang brahmana?” Murid brahmana Bhāradvāja berkata: “Jika ia berasal dari kelahiran baik pada kedua pihak, keturunan dari ibu dan ayah yang murni hingga tujuh generasi sebelumnya, tidak dapat dibantah dan tanpa cela dalam hal kelahiran, maka ia adalah seorang brahmana.” Murid brahmana Vāseṭṭha berkata: “Jika ia bermoral dan mematuhi peraturan-peraturan, maka ia adalah seorang brahmana.”",0.7073,
11,siapa yang layak disebut sebagai brahmana,gpl-gte-multilingual-base,exp4.0,id,2,dn5,dn5:md32,anggara,"‘Ada, Brahmana’.",0.6633,
11,siapa yang layak disebut sebagai brahmana,gpl-gte-multilingual-base,exp4.0,id,3,snp3.9,snp3.9:md31,anggara,"Yang tanpa kemarahan dan memenuhi tugas-tugasnya, Bermoral dan bebas dari nafsu, Yang jinak, sampai pada jasmani terakhir— Orang demikian Aku katakan adalah seorang Brahmana.",0.6618,
11,siapa yang layak disebut sebagai brahmana,gpl-gte-multilingual-base,exp4.0,id,3,snp3.9,snp3.9:md56,anggara,"Tetapi mereka yang tertidur, tanpa mempertanyakan, Yang menganut pandangan-pandangan, yang tidak Mengetahui, Tanpa sadar mereka menyatakan: Ia adalah seorang brahmana melalui “kelahiran”.",0.6606,
11,siapa yang layak disebut sebagai brahmana,gpl-gte-multilingual-base,exp4.0,id,4,dn4,dn4:md42,anggara,"‘Brahmana, seorang Tathāgata muncul di dunia ini, seorang Arahant, Buddha yang telah mencapai penerangan sempurna, sempurna dalam pengetahuan dan perilaku, telah menempuh Sang Jalan dengan sempurna, Pengenal seluruh alam, Penjinak manusia yang harus dijinakkan yang tiada bandingnya, Guru para dewa dan manusia, Yang Tercerahkan dan Yang Suci. Beliau, setelah mencapainya dengan pengetahuanNya sendiri, menyatakan dunia ini dengan para dewa, māra, Brahmā, para raja dan umat manusia. Beliau membabarkan Dhamma yang indah di awal, indah di pertengahan, dan indah di akhir, dalam makna dan kata, dan memperlihatkan kehidupan suci yang sempurna, murni sepenuhnya. Seorang siswa pergi meninggalkan keduniawian dan mempraktikkan moralitas (Sutta 2, paragraf 41–63); ia menjaga pintu-pintu indrianya, dan seterusnya (Sutta 2, paragraf 64–74). Itu, Brahmana, adalah moralitas. Ia mencapai empat jhāna (Sutta 2, paragraf 75–82); ia mencapai berbagai pandangan terang (Sutta 2, paragraf 83–95), dan lenyapnya kekotoran (Sutta 2, paragraf 97). Demikianlah ia mengembangkan kebijaksanaan. Itu, Brahmana, adalah kebijaksanaan.’",0.6595,
12,kewajiban seorang bhikkhu,gpl-gte-multilingual-base,exp4.0,id,1,an3.92,an3.92:md3,anggara,"“Demikian pula, para bhikkhu, ada tiga tugas mendesak seorang bhikkhu. Apakah tiga ini? (1) Menjalankan latihan dalam perilaku bermoral yang lebih tinggi, (2) menjalankan latihan dalam pikiran yang lebih tinggi, dan (3) menjalankan latihan dalam kebijaksanaan yang lebih tinggi. Ini adalah ketiga tugas mendesak seorang bhikkhu.",0.7595,
12,kewajiban seorang bhikkhu,gpl-gte-multilingual-base,exp4.0,id,2,an7.70,an7.70:md6,anggara,"“Bagus, bagus, Sāriputta! Seorang bhikkhu harus menghormati, menghargai, dan berdiam dengan bergantung pada Sang Guru sehingga ia dapat meninggalkan apa yang tidak bermanfaat dan mengembangkan apa yang bermanfaat. Ia harus menghormati, menghargai, dan berdiam dengan bergantung pada Dhamma … Saṅgha … latihan … konsentrasi … kewaspadaan … keramahan sehingga ia dapat meninggalkan apa yang tidak bermanfaat dan mengembangkan apa yang bermanfaat.”",0.7266,
12,kewajiban seorang bhikkhu,gpl-gte-multilingual-base,exp4.0,id,3,an3.20,an3.20:md8,anggara,"(2) “Dan bagaimanakah seorang bhikkhu bertanggung jawab? Di sini, seorang bhikkhu membangkitkan kegigihan untuk meninggalkan kualitas-kualitas tidak bermanfaat dan memperoleh kualitas-kualitas bermanfaat; ia kuat, kokoh dalam usaha, tidak melalaikan tugas melatih kualitas-kualitas bermanfaat. Demikianlah seorang bhikkhu bertanggung jawab.",0.7257,
12,kewajiban seorang bhikkhu,gpl-gte-multilingual-base,exp4.0,id,2,an7.70,an7.70:md2,anggara,"Kemudian ia berpikir: “(1) Seorang bhikkhu harus menghormati, menghargai, dan berdiam dengan bergantung pada Sang Guru sehingga ia dapat meninggalkan apa yang tidak bermanfaat dan mengembangkan apa yang bermanfaat. (2) Ia harus menghormati, menghargai, dan berdiam dengan bergantung pada Dhamma … (3) … Saṅgha … (4) … latihan … (5) … konsentrasi … (6) … kewaspadaan … (7) … keramahan sehingga ia dapat meninggalkan apa yang tidak bermanfaat dan mengembangkan apa yang bermanfaat.”",0.724,
12,kewajiban seorang bhikkhu,gpl-gte-multilingual-base,exp4.0,id,4,an8.16,an8.16:md2,anggara,"“Di sini, (1)–(2) seorang bhikkhu adalah seorang yang mendengar dan membuat orang lain mendengar; (3)–(4) ia adalah seorang yang belajar dengan baik dan membuat orang lain belajar; (5)–(6) ia adalah seorang yang memahami dan berkomunikasi dengan baik; (7) ia mahir dalam [mengetahui] apa yang relevan dan apa yang tidak relevan; dan (8) ia tidak menimbulkan pertengkaran. Dengan memiliki kedelapan kualitas ini, seorang bhikkhu adalah layak untuk mengemban suatu tugas.",0.7198,
13,berbagai jenis pemberian,gpl-gte-multilingual-base,exp4.0,id,1,an2.141-150,an2.141-150:md2,anggara,"“Para bhikkhu, ada dua jenis pemberian ini. Apakah dua ini? Pemberian benda-benda materi dan pemberian Dhamma. Ini adalah kedua jenis pemberian itu. Di antara kedua jenis pemberian ini, pemberian Dhamma adalah yang terunggul.”",0.8398,
13,berbagai jenis pemberian,gpl-gte-multilingual-base,exp4.0,id,2,an2.151-162,an2.151-162:md14,anggara,"“Para bhikkhu, ada dua jenis pemberian ini untuk dipersembahkan kepada seorang tamu. Pemberian benda-benda materi dan pemberian Dhamma. Ini adalah kedua jenis pemberian itu untuk dipersembahkan kepada seorang tamu. Di antara kedua jenis pemberian untuk dipersembahkan kepada seorang tamu ini, pemberian Dhamma adalah yang terunggul.”",0.8356,
13,berbagai jenis pemberian,gpl-gte-multilingual-base,exp4.0,id,3,an8.37,an8.37:md1,anggara,"“Para bhikkhu, ada delapan pemberian orang baik ini. Apakah delapan ini? (1) Ia memberikan apa yang murni; (2) ia memberikan apa yang baik; (3) ia memberikan pemberian yang tepat waktu; (4) ia memberikan apa yang diperbolehkan; (5) ia memberi setelah menyelidiki; (6) ia sering memberi; (7) sewaktu memberi ia mengokohkan pikirannya dalam keyakinan; dan (8) setelah memberi, ia bergembira. Ini adalah kedelapan pemberian orang baik itu.”",0.7435,
13,berbagai jenis pemberian,gpl-gte-multilingual-base,exp4.0,id,4,pli-tv-bu-vb-pc59,pli-tv-bu-vb-pc59:md26,anggara,Ada dua jenis penyerahan: penyerahan dengan kehadiran dan penyerahan tanpa kehadiran.,0.7424,
13,berbagai jenis pemberian,gpl-gte-multilingual-base,exp4.0,id,5,an5.36,an5.36:md1,anggara,"“Para bhikkhu, ada lima pemberian yang tepat pada waktunya ini. Apakah lima ini? (1) Seseorang memberikan pemberian kepada seorang tamu. (2) Seseorang memberikan pemberian kepada seseorang yang melakukan perjalanan. (3) Seseorang memberikan pemberian kepada pasien. (4) Seseorang memberikan pemberian pada masa bencana kelaparan. (5) Seseorang mempersembahkan panen dan buah pertama kepada para mulia. Ini adalah kelima pemberian yang tepat pada waktunya itu.”",0.7327,
14,apa makna kekosongan,gpl-gte-multilingual-base,exp4.0,id,1,an9.42,an9.42:md12,anggara,"(7) “Kemudian, teman, dengan sepenuhnya melampaui landasan kesadaran tanpa batas, [dengan menyadari] ‘tidak ada apa-apa,’ seorang bhikkhu masuk dan berdiam dalam landasan kekosongan. Hingga sejauh ini juga Sang Bhagavā telah membabarkan pencapaian sebuah bukaan di tengah-tengah kurungan dalam makna sementara. Di sana juga terdapat kurungan. Dan apakah kurungan di sana? Persepsi landasan kekosongan apa pun yang belum lenyap di sana adalah kurungan dalam hal ini.",0.6884,
14,apa makna kekosongan,gpl-gte-multilingual-base,exp4.0,id,2,sn40.7,sn40.7:md1,anggara,"… “Di sini, teman-teman, sewaktu aku sedang sendirian dalam keterasingan, sebuah perenungan muncul dalam diriku: ‘Dikatakan, “landasan kekosongan, landasan kekosongan.” Apakah landasan kekosongan itu?’",0.6422,
14,apa makna kekosongan,gpl-gte-multilingual-base,exp4.0,id,3,pli-tv-bu-vb-pc8,pli-tv-bu-vb-pc8:md35,anggara,"Keheningan kekosongan, keheningan tanpa gambaran, keheningan tanpa keinginan.",0.6395,
14,apa makna kekosongan,gpl-gte-multilingual-base,exp4.0,id,4,pli-tv-bu-vb-pj4,pli-tv-bu-vb-pj4:md84,anggara,"Keheningan kekosongan, keheningan tanpa gambaran, keheningan tanpa keinginan.",0.6395,
14,apa makna kekosongan,gpl-gte-multilingual-base,exp4.0,id,5,mn122,mn122:md14,anggara,"“Kemudian bhikkhu itu harus mengokohkan pikirannya secara internal, menenangkannya, memusatkannya, dan mengkonsentrasikannya pada gambaran konsentrasi yang sama itu seperti sebelumnya. Kemudian ia memperhatikan kekosongan secara internal. Sewaktu ia sedang memperhatikan kekosongan secara internal, pikirannya masuk ke dalam kekosongan secara internal dan memperoleh keyakinan, kekokohan, dan ketetapan. Pada saat itu, ia memahami sebagai berikut: ‘Sewaktu aku memperhatikan kekosongan secara internal, pikiranku masuk ke dalam kekosongan dan memperoleh keyakinan, kekokohan, dan ketetapan.’ Dengan cara ini ia memiliki kewaspadaan penuh pada hal itu.",0.6267,
15,apa kualitas yang harus dimiliki oleh seorang penceramah,gpl-gte-multilingual-base,exp4.0,id,1,an8.52,an8.52:md3,anggara,"“Ānanda, seorang bhikkhu harus memiliki delapan kualitas agar dapat ditunjuk untuk menasihati para bhikkhunī. Apakah delapan ini?",0.6892,
15,apa kualitas yang harus dimiliki oleh seorang penceramah,gpl-gte-multilingual-base,exp4.0,id,2,an4.196,an4.196:md10,anggara,"“Walaupun seorang prajurit mengetahui banyak kemahiran berbeda yang dapat dilakukan dengan anak panah, hanya jika ia memiliki tiga kualitas maka ia layak menjadi milik seorang raja, layak menjadi perlengkapan seorang raja, dan dianggap sebagai satu faktor kerajaan. Apakah tiga ini? Ia adalah seorang penembak jarak jauh, seorang penembak tepat, dan seorang yang membelah tubuh besar.",0.6832,
15,apa kualitas yang harus dimiliki oleh seorang penceramah,gpl-gte-multilingual-base,exp4.0,id,3,an10.34,an10.34:md1,anggara,"“Bhante, berapa banyakkah kualitas yang harus dimiliki oleh seorang bhikkhu untuk memberikan penahbisan penuh?”",0.6765,
15,apa kualitas yang harus dimiliki oleh seorang penceramah,gpl-gte-multilingual-base,exp4.0,id,4,an10.35,an10.35:md1,anggara,"“Bhante, berapa banyakkah kualitas yang harus dimiliki oleh seorang bhikkhu untuk memberikan kebergantungan?”",0.67,
15,apa kualitas yang harus dimiliki oleh seorang penceramah,gpl-gte-multilingual-base,exp4.0,id,5,an5.139,an5.139:md22,anggara,"“Demikian pula, para bhikkhu, dengan memiliki lima kualitas, seorang bhikkhu adalah layak menerima pemberian, layak menerima keramahan, layak menerima persembahan, layak menerima penghormatan, lahan jasa yang tiada taranya bagi dunia. Apakah lima ini? Ia dengan sabar menahankan bentuk-bentuk, dengan sabar menahankan suara-suara, dengan sabar menahankan bau-bauan, dengan sabar menahankan rasa-rasa kecapan, dan dengan sabar menahankan objek-objek sentuhan.",0.669,
16,harta yang paling bernilai,gpl-gte-multilingual-base,exp4.0,id,1,sn1.73,sn1.73:md2,anggara,“Keyakinan adalah harta terbaik seseorang; Dhamma yang dipraktikkan dengan baik membawa kebahagiaan; Kebenaran adalah yang termanis dari segala rasa; Seseorang yang hidup dengan kebijaksanaan dikatakan sebagai kehidupan yang terbaik.”,0.6541,
16,harta yang paling bernilai,gpl-gte-multilingual-base,exp4.0,id,2,an1.71-81,an1.71-81:md16,anggara,"“Tidak penting, para bhikkhu, kehilangan harta kekayaan. Hal yang paling buruk adalah kehilangan kebijaksanaan.”",0.6531,
16,harta yang paling bernilai,gpl-gte-multilingual-base,exp4.0,id,3,sn10.12,sn10.12:md14,anggara,Sang Bhagavā: “Keyakinan adalah harta terbaik seseorang; Dhamma yang dilatih dengan baik membawa kebahagiaan; Kebenaran adalah rasa yang paling manis; Bagaimanakah kehidupan seseorang yang mereka katakan sebagai kehidupan terbaik?,0.6316,
16,harta yang paling bernilai,gpl-gte-multilingual-base,exp4.0,id,4,mn107,mn107:md22,anggara,"“Seperti halnya akar orris hitam diakui sebagai akar harum yang terbaik dan cendana merah diakui sebagai kayu harum terbaik dan melati diakui sebagai bunga harum terbaik, demikian pula, nasihat Guru Gotama adalah yang tertinggi di antara ajaran-ajaran masa kini.",0.6219,
16,harta yang paling bernilai,gpl-gte-multilingual-base,exp4.0,id,3,sn10.12,sn10.12:md13,anggara,Āḷavaka: “Apakah harta terbaik seseorang? Apakah yang dilatih dengan baik membawa kebahagiaan? Apakah rasa yang paling manis? Bagaimanakah kehidupan seseorang yang mereka katakan sebagai kehidupan terbaik?,0.6199,
17,kewajiban seorang umat awam,gpl-gte-multilingual-base,exp4.0,id,1,sn55.37,sn55.37:md2,anggara,"“Yang Mulia, bagaimanakah yang disebut seorang umat awam?”",0.6982,
17,kewajiban seorang umat awam,gpl-gte-multilingual-base,exp4.0,id,2,pli-tv-bi-pm,pli-tv-bi-pm:md234,karniawan,"Jika ada Bhikkhuni yang melakukan sebuah tugas rumah untuk seorang umat awam, itu harus di akui.",0.6868,
17,kewajiban seorang umat awam,gpl-gte-multilingual-base,exp4.0,id,3,an5.175,an5.175:md1,anggara,"“Para bhikkhu, dengan memiliki lima kualitas, seorang umat awam adalah seorang caṇḍāla umat awam, noda umat awam, yang terakhir di antara para umat awam. Apakah lima ini? (1) Ia hampa dari keyakinan; (2) ia tidak bermoral; (3) ia bersifat takhyul dan mempercayai tanda-tanda gaib, bukan mempercayai kamma; (4) ia mencari orang yang layak menerima persembahan di luar dari sini; dan (5) ia melakukan perbuatan-perbuatan [berjasa] di sana terlebih dulu. Dengan memiliki kelima kualitas ini, seorang umat awam adalah seorang caṇḍāla umat awam, noda umat awam, yang terakhir di antara para umat awam.",0.6817,
17,kewajiban seorang umat awam,gpl-gte-multilingual-base,exp4.0,id,3,an5.175,an5.175:md2,anggara,"“Para bhikkhu, dengan memiliki lima kualitas, seorang umat awam adalah permata umat awam, teratai merah umat awam, teratai putih umat awam. Apakah lima ini? (1) Ia memiliki keyakinan; (2) ia bermoral; (3) ia tidak bersifat takhyul dan mempercayai kamma, bukan tanda-tanda gaib; (4) ia tidak mencari orang yang layak menerima persembahan di luar dari sini; dan (5) ia melakukan perbuatan-perbuatan [berjasa] di sini terlebih dulu. Dengan memiliki kelima kualitas ini, seorang umat awam adalah permata seorang umat awam, seroja merah seorang umat awam, seroja putih seorang umat awam.”",0.6771,
17,kewajiban seorang umat awam,gpl-gte-multilingual-base,exp4.0,id,4,an8.25,an8.25:md2,anggara,"“Dengan cara bagaimanakah, Bhante, seseorang adalah seorang umat awam?”",0.6739,
18,penyebab gempa bumi,gpl-gte-multilingual-base,exp4.0,id,1,dn16,dn16:md97,anggara,"‘Ānanda, ada delapan alasan, delapan penyebab terjadinya gempa bumi dahsyat. Bumi ini terletak di atas air, air di atas angin, angin di atas ruang. Dan ketika angin kencang berhembus, hal ini akan mengaduk air, dan karena air teraduk, bumi bergetar. Ini adalah alasan pertama.",0.8666,
18,penyebab gempa bumi,gpl-gte-multilingual-base,exp4.0,id,2,an8.70,an8.70:md22,anggara,"(4) “Kemudian, ketika Sang Bodhisatta, dengan penuh perhatian dan memahami dengan jernih, keluar dari rahim ibunya, bumi ini berguncang, bergoyang keras, dan bergetar. Ini adalah penyebab dan kondisi ke empat bagi gempa bumi yang kuat.",0.7714,
18,penyebab gempa bumi,gpl-gte-multilingual-base,exp4.0,id,2,an8.70,an8.70:md18,anggara,"“Ānanda, ada delapan penyebab dan kondisi bagi sebuah gempa bumi yang kuat. Apakah delapan ini?",0.7646,
18,penyebab gempa bumi,gpl-gte-multilingual-base,exp4.0,id,2,an8.70,an8.70:md19,anggara,"(1) “Ānanda, bumi ini berdiri di atas air; air bersandar pada angin; angin bertiup di angkasa. Akan tiba waktunya, Ānanda, ketika angin kencang bertiup dan mengguncang air. Air itu, karena terguncang, juga mengguncang bumi ini. Ini adalah penyebab dan kondisi pertama bagi gempa bumi yang kuat.",0.7641,
18,penyebab gempa bumi,gpl-gte-multilingual-base,exp4.0,id,1,dn16,dn16:md104,anggara,"‘Kemudian, ketika Sang Tathāgata mencapai unsur Nibbāna tanpa sisa, kemudian bumi ini bergoyang dan bergetar dan berguncang keras. Ini adalah alasan kedelapan. Semua ini, Ānanda, adalah delapan alasan, delapan penyebab bagi terjadinya gempa bumi dahsyat.",0.7549,
19,jenis jenis kemelekatan,gpl-gte-multilingual-base,exp4.0,id,1,sn12.2,sn12.2:md7,anggara,"“Dan apakah, para bhikkhu, kemelekatan? Ada empat jenis kemelekatan: kemelekatan pada kenikmatan indria, kemelekatan pada pandangan-pandangan, kemelekatan pada aturan dan sumpah, kemelekatan pada doktrin diri. Ini disebut kemelekatan.",0.8683,
19,jenis jenis kemelekatan,gpl-gte-multilingual-base,exp4.0,id,2,sn38.12,sn38.12:md2,anggara,"“Ada, sahabat, empat jenis kemelekatan ini: kemelekatan pada kenikmatan indria, kemelekatan pada pandangan-pandangan, kemelekatan pada aturan dan sumpah, kemelekatan pada doktrin diri. Ini adalah keempat jenis kemelekatan itu.",0.868,
19,jenis jenis kemelekatan,gpl-gte-multilingual-base,exp4.0,id,3,mn11,mn11:md9,anggara,"“Para bhikkhu, terdapat empat jenis kemelekatan. Apakah empat ini? Kemelekatan pada segala jenis kenikmatan, kemelekatan pada pandangan, kemelekatan pada ritual dan upacara, dan kemelekatan pada doktrin diri.",0.8164,
19,jenis jenis kemelekatan,gpl-gte-multilingual-base,exp4.0,id,4,mn9,mn9:md44,anggara,"“Dan apakah kemelekatan, apakah asal-mula kemelekatan, apakah lenyapnya kemelekatan, apakah jalan menuju lenyapnya kemelekatan? Terdapat empat jenis kemelekatan ini: kemelekatan pada kenikmatan indria, kemelekatan pada pandangan-pandangan, kemelekatan pada ritual dan upacara, dan kemelekatan pada doktrin diri. Dengan munculnya ketagihan maka muncul pula kemelekatan. Dengan lenyapnya ketagihan maka lenyap pula kemelekatan. Jalan menuju lenyapnya kemelekatan adalah Jalan Mulia Berunsur Delapan ini; yaitu, pandangan benar … konsentrasi benar.",0.8099,
19,jenis jenis kemelekatan,gpl-gte-multilingual-base,exp4.0,id,5,mn44,mn44:md13,anggara,"“Teman Visākha, kemelekatan itu bukan sama dengan kelima kelompok unsur kehidupan yang terpengaruh oleh kemelekatan juga kemelekatan bukan sesuatu yang terpisah dari kelima kelompok unsur kehidupan yang terpengaruh oleh kemelekatan. Adalah keinginan dan nafsu sehubungan dengan kelima kelompok unsur kehidupan yang terpengaruh oleh kemelekatan yang menjadi kemelekatan di sana.”",0.6839,
20,penggambaran terhadap keagungan buddha,gpl-gte-multilingual-base,exp4.0,id,1,pli-tv-bu-vb-pc92,pli-tv-bu-vb-pc92:md2,anggara,"Pada suatu ketika Sang Buddha sedang menetap di Sāvatthī di Hutan Jeta, Vihara Anāthapiṇḍika. Pada saat itu terdapat seorang bhikkhu yang tampan dan anggun bernama Yang Mulia Nanda, sepupu Sang Buddha. Ia 7 sentimeter lebih pendek daripada Sang Buddha, tetapi ia menegnakan jubah yang berukuran sama seperti Sang Buddha. Ketika para bhikkhu senior melihatnya datang, mereka berpikir bahwa ia adalah Sang Buddha dan bangkit dari duduk mereka.",0.6035,
20,penggambaran terhadap keagungan buddha,gpl-gte-multilingual-base,exp4.0,id,2,sn35.95,sn35.95:md29,anggara,Sang Buddha di sini mengulangi syair di atas secara lengkap.,0.603,
20,penggambaran terhadap keagungan buddha,gpl-gte-multilingual-base,exp4.0,id,3,mn92,mn92:md28,anggara,Buddha,0.5996,
20,penggambaran terhadap keagungan buddha,gpl-gte-multilingual-base,exp4.0,id,3,mn92,mn92:md32,anggara,Buddha,0.5996,
20,penggambaran terhadap keagungan buddha,gpl-gte-multilingual-base,exp4.0,id,3,mn92,mn92:md41,anggara,Buddha,0.5996,
21,jenis jenis manusia,gpl-gte-multilingual-base,exp4.0,id,1,mn70,mn70:md23,anggara,"“Para bhikkhu, terdapat tujuh jenis orang di dunia ini. Apakah tujuh ini? Mereka adalah: seorang yang-terbebaskan-dalam-kedua-cara, seorang yang-terbebaskan-melalui-kebijaksanaan, seorang saksi-tubuh, seorang yang-mencapai-pandangan, seorang yang-terbebaskan-melalui-keyakinan, seorang pengikut-Dhamma, dan seorang pengikut-keyakinan.",0.705,
21,jenis jenis manusia,gpl-gte-multilingual-base,exp4.0,id,2,mn51,mn51:md6,anggara,"“Demikianlah, Pessa, demikianlah! Manusia adalah kekusutan sedangkan binatang lebih terbuka. Pessa, terdapat empat jenis orang di dunia ini. Apakah empat ini? Di sini jenis orang tertentu menyiksa dirinya dan melakukan praktik menyiksa dirinya. Di sini jenis orang tertentu menyiksa makhluk lain dan melakukan praktik menyiksa makhluk lain. Di sini jenis orang tertentu menyiksa dirinya dan melakukan praktik menyiksa dirinya, dan ia juga menyiksa makhluk lain dan melakukan praktik menyiksa makhluk lain. Di sini jenis orang tertentu tidak menyiksa dirinya dan tidak melakukan praktik menyiksa dirinya, dan ia juga tidak menyiksa makhluk lain dan tidak melakukan praktik menyiksa makhluk lain. Karena ia tidak menyiksa dirinya dan makhluk lain, maka ia di sini dan saat ini tidak merasa lapar, padam, dan sejuk, dan ia berdiam dengan mengalami kebahagiaan, setelah dirinya sendiri menjadi suci. Yang manakah dari empat jenis orang ini yang memuaskan pikiranmu, Pessa?”",0.6978,
21,jenis jenis manusia,gpl-gte-multilingual-base,exp4.0,id,3,an4.43,an4.43:md1,anggara,"“Para bhikkhu, ada empat jenis orang terdapat di dunia ini. Apakah empat ini? (1) Seorang yang menghargai kemarahan, bukan Dhamma sejati; (2) seorang yang menghargai sikap merendahkan, bukan Dhamma sejati; (3) seorang yang menghargai perolehan, bukan Dhamma sejati; dan (4) seorang yang menghargai kehormatan, bukan Dhamma sejati. Ini adalah keempat jenis orang itu yang terdapat di dunia ini.",0.6954,
21,jenis jenis manusia,gpl-gte-multilingual-base,exp4.0,id,4,an4.65,an4.65:md1,anggara,"“Para bhikkhu, ada empat jenis orang ini terdapat di dunia. Apakah empat ini? (1) Seorang yang menilai dengan berdasarkan pada bentuk, yang keyakinannya berdasarkan pada bentuk. (2) Seorang yang menilai berdasarkan pada ucapan, yang keyakinannya berdasarkan pada ucapan. (3) Seorang yang menilai berdasarkan pada latihan keras, yang keyakinannya berdasarkan pada latihan keras. (4) Seorang yang menilai berdasarkan pada Dhamma, yang keyakinannya berdasarkan pada Dhamma. Ini adalah keempat jenis orang itu yang terdapat di dunia.”",0.6952,
21,jenis jenis manusia,gpl-gte-multilingual-base,exp4.0,id,5,an4.132,an4.132:md1,anggara,"“Para bhikkhu, ada empat jenis orang ini terdapat di dunia. Apakah empat ini? Seorang yang kearifannya tajam tetapi tidak mengalir-bebas; seorang yang kearifannya mengalir-bebas tetapi tidak tajam; seorang yang kearifannya tajam dan juga mengalir bebas; dan seorang yang kearifannya tidak tajam juga tidak mengalir-bebas. Ini adalah keempat jenis orang itu yang terdapat di dunia.”",0.6932,
22,cara mengikis kotoran batin,gpl-gte-multilingual-base,exp4.0,id,1,mn7,mn7,blurb,"Berbagai jenis ketidakmurnian yang mengotori batin diumpamakan seperti kain kotor. Ketika batin bersih, kita menemukan kegembiraan (<i lang='pi' translate='no'>pāmojja</i>) yang mengarah ke keadaan kesadaran yang lebih tinggi. Akhirnya, Sang Buddha menolak gagasan Brahmanis bahwa kesucian berasal dari aktivitas mandi di sungai suci.",0.6481,
22,cara mengikis kotoran batin,gpl-gte-multilingual-base,exp4.0,id,2,mn2,mn2,blurb,"Berbagai masalah perjalanan spiritual menuntut tanggapan yang beragam pula. Alih-alih menerapkan solusi yang sama untuk setiap masalah, Sang Buddha menguraikan tujuh metode untuk mengatasi kekotoran batin, yang masing-masing efektif dalam kasus-kasus tertentu.",0.6024,
22,cara mengikis kotoran batin,gpl-gte-multilingual-base,exp4.0,id,3,dn23,dn23:md43,anggara,"‘Baiklah, Pangeran, aku akan memberikan sebuah perumpamaan … Suatu ketika, ada seorang peternak babi yang pergi dari desanya ke desa lain. Di sana ia melihat tumpukan kotoran kering yang dibuang, dan ia berpikir: “Ada banyak kotoran yang dibuang, itu dapat menjadi makanan babi-babiku. Aku akan mengambilnya. Dan ia menghamparkan jubahnya, mengumpulkan kotoran, membungkusnya dan memikulnya di atas kepalanya, dan pergi. Namun dalam perjalanan pulang itu, turun hujan deras yang bukan pada musimnya, dan ia melanjutkan perjalanannya dengan kotoran mengalir, menetes hingga ke ujung jarinya, dan ia masih tetap membawa beban kotoran itu. Mereka yang melihatnya berkata: “Engkau pasti gila! Mengapa engkau bepergian membawa beban kotoran yang mengalir dan menetes hingga ke ujung jarimu?” “Engkaulah yang gila! Ini adalah makanan untuk babi-babiku.” Pangeran, engkau berbicara seperti si pembawa kotoran dalam perumpamaanku itu. Pangeran, lepaskanlah pandangan salahmu itu, lepaskanlah! Jangan biarkan pandangan itu menyebabkan kemalangan dan penderitaan bagimu untuk waktu yang lama!’",0.5909,
22,cara mengikis kotoran batin,gpl-gte-multilingual-base,exp4.0,id,4,an5.23,an5.23:md1,anggara,"“Para bhikkhu, ada lima kotoran ini pada emas, yang dengan dikotori olehnya maka emas menjadi tidak lunak, tidak lentur, dan tidak bersinar, melainkan rapuh dan tidak dapat dikerjakan dengan baik. Apakah lima ini? Besi, tembaga, timah, timbel, dan perak. Ini adalah kelima kotoran pada emas, yang dengan dikotori olehnya emas menjadi tidak lunak, tidak lentur, dan tidak cerah, melainkan rapuh dan tidak dapat dikerjakan dengan baik. Tetapi ketika emas terbebas dari kelima kotoran ini, maka emas menjadi lunak, lentur, dan bersinar, dapat dibentuk, dan dapat dikerjakan dengan baik. Kemudian perhiasan apa pun yang seseorang ingin hasilkan dari emas ini—apakah gelang, anting-anting, kalung, atau kalung bunga emas—ia dapat mencapai tujuannya.",0.5898,
22,cara mengikis kotoran batin,gpl-gte-multilingual-base,exp4.0,id,5,an3.101,an3.101:md1,anggara,"“Para bhikkhu, ada kekotoran kasar dari emas: tanah, pasir, dan kerikil. Sekarang sang pembersih kotoran atau muridnya pertama-tama menuangkan emas itu ke dalam sebuah wadah dan mencuci, membilas, dan membersihkannya. Ketika kekotoran kasar itu telah disingkirkan dan dilenyapkan, masih ada kekotoran berukuran menengah dalam emas itu: kerikil halus dan pasir kasar. Sang pembersih kotoran atau muridnya mencuci, membilas, dan membersihkannya lagi. Ketika kekotoran menengah itu telah disingkirkan dan dilenyapkan, masih ada kekotoran halus dalam emas itu: pasir halus dan debu kehitaman. Maka sang pembersih kotoran atau muridnya mencuci, membilas, dan membersihkannya lagi. Ketika kekotoran halus itu telah disingkirkan dan dilenyapkan, maka hanya butir-butiran emas yang tersisa.",0.5867,
23,penjelasan tentang pandangan terang,gpl-gte-multilingual-base,exp4.0,id,1,pli-tv-bu-vb-pj4,pli-tv-bu-vb-pj4:md46,anggara,Ketiga pandangan terang sejati.,0.6658,
23,penjelasan tentang pandangan terang,gpl-gte-multilingual-base,exp4.0,id,1,pli-tv-bu-vb-pj4,pli-tv-bu-vb-pj4:md88,anggara,Ketiga pandangan terang sejati.,0.6658,
23,penjelasan tentang pandangan terang,gpl-gte-multilingual-base,exp4.0,id,2,dn33,dn33:md35,anggara,‘Ketenangan dan pandangan terang ( samatho ca vipassanā ca ).,0.6595,
23,penjelasan tentang pandangan terang,gpl-gte-multilingual-base,exp4.0,id,3,pli-tv-bu-vb-pc8,pli-tv-bu-vb-pc8:md39,anggara,Tiga pandangan terang sejati.,0.645,
23,penjelasan tentang pandangan terang,gpl-gte-multilingual-base,exp4.0,id,4,an2.21-31,an2.21-31:md25,anggara,"“Para bhikkhu, kedua hal ini berhubungan dengan pengetahuan sejati. Apakah dua ini? Ketenangan dan pandangan terang. Ketika ketenangan terkembang, manfaat apakah yang dialami seseorang? Pikirannya terkembang. Ketika pikirannya terkembang, manfaat apakah yang ia alami? Nafsu ditinggalkan. Ketika pandangan terang terkembang, manfaat apakah yang ia alami? Kebijaksanaan terkembang. Ketika kebijaksanaan terkembang, manfaat apakah yang ia alami? Ketidak-tahuan ditinggalkan.",0.6312,
24,apa yang terjadi pada saat pencapaian pencerahan,gpl-gte-multilingual-base,exp4.0,id,1,mn44,mn44:md37,anggara,"“Yang Mulia, bagaimanakah pencapaian lenyapnya persepsi dan perasaan terjadi?”",0.6441,
24,apa yang terjadi pada saat pencapaian pencerahan,gpl-gte-multilingual-base,exp4.0,id,2,sn46.131-142,sn46.131-142:md5,anggara,"Dijelaskan melalui faktor-faktor pencerahan dengan lenyapnya nafsu, dan seterusnya sebagai tujuan akhirnya.",0.6398,
24,apa yang terjadi pada saat pencapaian pencerahan,gpl-gte-multilingual-base,exp4.0,id,3,sn46.143-152,sn46.143-152:md1,anggara,"Dijelaskan melalui faktor-faktor pencerahan dengan lenyapnya nafsu, dan seterusnya sebagai tujuan akhirnya.",0.6398,
24,apa yang terjadi pada saat pencapaian pencerahan,gpl-gte-multilingual-base,exp4.0,id,4,sn46.153-164,sn46.153-164:md1,anggara,"Dijelaskan melalui faktor-faktor pencerahan dengan lenyapnya nafsu, dan seterusnya sebagai tujuan akhirnya.",0.6398,
24,apa yang terjadi pada saat pencapaian pencerahan,gpl-gte-multilingual-base,exp4.0,id,5,sn46.165-174,sn46.165-174:md1,anggara,"Dijelaskan melalui faktor-faktor pencerahan dengan lenyapnya nafsu, dan seterusnya sebagai tujuan akhirnya.",0.6398,
25,perasaan malu dan takut,gpl-gte-multilingual-base,exp4.0,id,1,an10.76,an10.76:md21,anggara,"(10) “Para bhikkhu, seorang yang memiliki rasa malu dan rasa takut adalah seorang yang waspada. Seorang yang waspada mampu meninggalkan sikap tidak hormat, sulit diajak bicara, dan pertemanan yang buruk. Seorang yang memiliki teman-teman yang baik mampu meninggalkan kurangnya keyakinan, ketidak-dermawanan, dan kemalasan. Seorang yang bersemangat mampu meninggalkan kegelisahan, tanpa-pengendalian, dan ketidak-bermoralan. Seorang yang bermoral mampu meninggalkan kurangnya keinginan untuk menemui para mulia, kurangnya keinginan untuk mendengarkan Dhamma mulia, dan pikiran yang condong pada kritikan. Seorang yang pikirannya tidak condong pada kritikan mampu meninggalkan kekacauan-pikiran, kurangnya pemahaman jernih, dan gangguan pikiran. Seorang yang pikirannya tidak terganggu mampu meninggalkan pengamatan tidak seksama, mengikuti jalan yang salah, dan kelambanan pikiran. Seorang yang pikirannya tidak lamban mampu meninggalkan pandangan eksistensi-diri, keragu-raguan, dan genggaman keliru pada perilaku dan upacara. Seorang yang tidak ragu-ragu mampu meninggalkan nafsu, kebencian, dan delusi. Setelah meninggalkan nafsu, kebencian, dan delusi, maka ia mampu meninggalkan kelahiran, penuaan, dan kematian.”",0.741,
25,perasaan malu dan takut,gpl-gte-multilingual-base,exp4.0,id,2,dn33,dn33:md17,anggara,‘Rasa malu bermoral dan rasa takut bermoral ( hiri ca ottappañ ca ).,0.6861,
25,perasaan malu dan takut,gpl-gte-multilingual-base,exp4.0,id,3,mn53,mn53:md17,anggara,"“Ia memiliki rasa malu; ia malu terhadap perilaku salah dalam jasmani, ucapan, dan pikiran, malu dalam melakukan perbuatan jahat yang tidak bermanfaat.",0.6508,
25,perasaan malu dan takut,gpl-gte-multilingual-base,exp4.0,id,4,an4.219,an4.219:md2,anggara,"“… Seorang yang memiliki keyakinan, bermoral, dan memiliki rasa malu dan rasa takut …”",0.6504,
25,perasaan malu dan takut,gpl-gte-multilingual-base,exp4.0,id,2,dn33,dn33:md16,anggara,‘Tidak adanya rasa malu bermoral dan rasa takut bermoral ( ahirikañ ca anottappañ ca ).,0.6479,
26,bersatu di kehidupan selanjutnya,gpl-gte-multilingual-base,exp4.0,id,1,an2.1-10,an2.1-10:md8,anggara,"“Dan apakah cacat yang berhubungan dengan kehidupan mendatang? Di sini, seseorang merenungkan sebagai berikut: ‘Perbuatan buruk melalui jasmani memiliki akibat yang buruk dan menyakitkan di masa depan; perbuatan buruk melalui ucapan memiliki akibat yang buruk dan menyakitkan di masa depan; perbuatan buruk melalui pikiran memiliki akibat yang buruk dan menyakitkan di masa depan. Sekarang jika aku melakukan perbuatan buruk melalui jasmani, ucapan, dan pikiran, maka, dengan hancurnya jasmani, setelah kematian, aku akan terlahir kembali di alam sengsara, di alam tujuan kelahiran yang buruk, di alam rendah, di neraka!’ Takut pada cacat yang berhubungan dengan kehidupan mendatang, ia meninggalkan perbuatan buruk melalui jasmani dan mengembangkan perbuatan baik melalui jasmani; ia meninggalkan perbuatan buruk melalui ucapan dan mengembangkan perbuatan baik melalui ucapan; ia meninggalkan perbuatan buruk melalui pikiran dan mengembangkan perbuatan baik melalui pikiran. Ini disebut cacat yang berhubungan dengan kehidupan mendatang.",0.6823,
26,bersatu di kehidupan selanjutnya,gpl-gte-multilingual-base,exp4.0,id,2,dn33,dn33:md204,anggara,"‘Enam hal yang mendukung pada kehidupan bersama ( sārāṇīyā dhammā ): Selama para bhikkhu baik di depan umum maupun di tempat pribadi memperlihatkan cinta-kasih terhadap sesama teman dalam tindakan jasmani, ucapan dan pikiran, … berbagi dengan sesama teman apa yang mereka terima sebagai pemberian yang benar, termasuk isi mangkuk dana mereka, yang tidak mereka simpan untuk diri sendiri, … mempertahankan dengan konsisten, tanpa cacat dan tanpa perubahan peraturan-peraturan disiplin yang tanpa noda, mengarah menuju kebebasan, yang dipuji oleh para bijaksana, tanpa noda dan mendukung konsentrasi, dan mempertahankan bersama teman-teman bhikkhu baik di depan umum maupun di tempat pribadi, … melanjutkan dalam pandangan mulia yang mengarah menuju kebebasan, menuju penghancuran penderitaan sepnuhnya, berdiam dalam kewaspadaan bersama teman-teman para bhikkhu baik di depan umum maupun di tempat pribadi seperti Sutta 16, paragraf 1.11 .",0.6532,
26,bersatu di kehidupan selanjutnya,gpl-gte-multilingual-base,exp4.0,id,3,sn3.11,sn3.11:md5,anggara,"“Adalah dengan hidup bersama dengan seseorang, Baginda, maka kemuliaannya diketahui, dan setelah waktu yang lama, bukan setelah waktu yang singkat; oleh seorang yang memperhatikan, bukan oleh seorang yang tidak memperhatikan; oleh seorang yang bijaksana, bukan oleh seorang yang dungu.",0.6463,
26,bersatu di kehidupan selanjutnya,gpl-gte-multilingual-base,exp4.0,id,4,pv17,pv17,blurb,Apa yang harus dilakukan seseorang untuk mengamankan kebahagiaan di kehidupan selanjutnya?,0.6392,
26,bersatu di kehidupan selanjutnya,gpl-gte-multilingual-base,exp4.0,id,5,an5.80,an5.80:md5,anggara,"(4) “Kemudian, di masa depan akan ada para bhikkhu yang berhubungan erat dengan para bhikkhunī, para perempuan yang dalam masa percobaan, dan para sāmaṇera. Ketika mereka membentuk hubungan demikian, dapat diharapkan bahwa mereka akan menjalani kehidupan spiritual dengan tidak puas, melakukan pelanggaran kotor tertentu, atau meninggalkan latihan dan kembali kepada kehidupan rendah. Ini adalah bahaya masa depan ke empat yang belum muncul yang akan muncul di masa depan. Kalian harus mengenalinya dan berusaha untuk meninggalkannya.",0.6356,
27,jenis jenis karma buruk,gpl-gte-multilingual-base,exp4.0,id,1,snp1.7,snp1.7:md12,anggara,"Siapapun juga yang melakukan karma buruk Berharap orang lain tidak mengetahuinya, Dan kemudian menyembunyikan perbuatan buruk ini, Orang demikian disebut sebagai “kaum terbuang”.",0.7131,
27,jenis jenis karma buruk,gpl-gte-multilingual-base,exp4.0,id,2,snp2.1,snp2.1:md12,anggara,"Karma buruk apapun yang dilakukan— Melalui jasmani, atau melalui ucapan atau pikiran, Bagi seseorang untuk menyembunyikan hal-hal ini adalah tidak mungkin— Tidak mungkin bagi Yang Melihat Keadaan itu, dikatakan. Ya, dalam Saṅgha bersinar permata mulia ini: Berkat kebenaran ini, semoga ada berkah!",0.71,
27,jenis jenis karma buruk,gpl-gte-multilingual-base,exp4.0,id,3,dn33,dn33:md82,anggara,"‘Tiga jenis bentukan kamma: baik, tidak baik, tidak terganggu ( puññābhisaṅkhāro, apuññābhisaṅkhāro, āneñjābhisaṅkhāro ).",0.6724,
27,jenis jenis karma buruk,gpl-gte-multilingual-base,exp4.0,id,3,dn33,dn33:md138,anggara,"‘Empat jenis kamma: Ada (a) kamma hitam dengan akibat hitam ( kaṇha-vipākaṁ ), (b) kamma cerah dengan akibat cerah ( sukka-v. ), (c) kamma hitam-dan-cerah dengan akibat hitam-dan-cerah ( kaṇha-sukka v. ), (d) kamma yang bukan-hitam dan bukan-cerah ( akaṇham-asukkaṁ ), dengan akibat yang bukan-hitam dan bukan-cerah, yang mengarah menuju hancurnya kamma.",0.6615,
27,jenis jenis karma buruk,gpl-gte-multilingual-base,exp4.0,id,4,an3.100,an3.100:md23,anggara,"“Orang jenis apakah yang melakukan kamma buruk yang sepele yang persis sama namun hal itu dialami dalam kehidupan ini, bahkan tanpa sedikit [sisa] yang terlihat, apalagi banyak [sisa]? Di sini, seseorang terkembang dalam jasmani, perilaku bermoral, pikiran, dan kebijaksanaan. Ia tidak terbatas dan berkarakter mulia, dan ia berdiam tanpa batas. Ketika orang demikian melakukan kamma buruk yang sepele yang persis sama, maka hal itu dialami dalam kehidupan ini, bahkan tanpa sedikit [sisa] yang terlihat, apalagi banyak [sisa].",0.6601,
28,berbagai jenis perbuatan baik,gpl-gte-multilingual-base,exp4.0,id,1,an4.221,an4.221:md2,anggara,"“Para bhikkhu, ada empat jenis perbuatan baik melalui ucapan. Apakah empat ini? Mengucapkan yang sebenarnya, mengucapkan kata-kata yang tidak memecah-belah, berbicara lembut, dan berbicara secara bijaksana. Ini adalah keempat jenis perbuatan baik melalui ucapan itu.”",0.8255,
28,berbagai jenis perbuatan baik,gpl-gte-multilingual-base,exp4.0,id,2,mn56,mn56:md21,anggara,"“Tapassī, Aku menggambarkan tiga jenis perbuatan sebagai pelaksanaan perbuatan buruk, dalam melakukan perbuatan buruk; yaitu, perbuatan jasmani, perbuatan ucapan, dan perbuatan pikiran.”",0.8062,
28,berbagai jenis perbuatan baik,gpl-gte-multilingual-base,exp4.0,id,3,an4.149,an4.149:md1,anggara,"“Para bhikkhu, ada empat jenis perilaku baik melalui ucapan ini. Apakah empat ini? Ucapan jujur, ucapan tidak memecah belah, ucapan halus, dan ucapan bijaksana. Ini adalah keempat jenis perilaku baik melalui ucapan.”",0.7953,
28,berbagai jenis perbuatan baik,gpl-gte-multilingual-base,exp4.0,id,4,mn117,mn117:md28,anggara,"“Dan apakah, para bhikkhu, perbuatan benar? Perbuatan benar, Aku katakan, ada dua jenis: ada perbuatan benar yang terpengaruh oleh noda-noda, berhubungan dengan kebajikan, dan matang dalam perolehan; dan ada perbuatan benar yang mulia, tanpa noda, melampaui keduniawian, sebuah faktor dari sang jalan.",0.7606,
28,berbagai jenis perbuatan baik,gpl-gte-multilingual-base,exp4.0,id,5,sn46.6,sn46.6:md9,anggara,"“Tiga jenis perbuatan baik, Kuṇḍaliya, yang jika dikembangkan dan dilatih, akan memenuhi empat penegakan perhatian.”",0.7456,
29,jenis orang yang tak boleh ditahbiskan,gpl-gte-multilingual-base,exp4.0,id,1,an3.26,an3.26:md1,anggara,"“Para bhikkhu, ada tiga jenis orang ini yang terdapat di dunia ini. Apakah tiga ini? (1) Ada orang yang tidak boleh dijadikan teman, tidak boleh diikuti, dan tidak boleh dilayani; (2) orang yang harus dijadikan teman, harus diikuti, dan harus dilayani; dan (3) seorang yang harus dijadikan teman, harus diikuti, dan harus dilayani dengan penghormatan dan penghargaan.",0.6381,
29,jenis orang yang tak boleh ditahbiskan,gpl-gte-multilingual-base,exp4.0,id,2,an3.27,an3.27:md2,anggara,"(1) “Dan orang jenis apakah, para bhikkhu, yang harus dilihat dengan kejijikan, tidak boleh dijadikan teman, tidak boleh diikuti, dan tidak boleh dilayani? Di sini, seseorang tidak bermoral, berkarakter buruk, tidak murni, mencurigakan, merahasiakan perbuatannya, bukan seorang petapa walaupun mengaku sebagai petapa, tidak hidup selibat walaupun mengaku hidup selibat, busuk dalam batinnya, jahat, rusak. Orang seperti ini harus dilihat dengan kejijikan, tidak boleh dijadikan teman, tidak boleh diikuti, dan tidak boleh dilayani. Karena alasan apakah? Walaupun seseorang tidak mengikuti teladan dari orang seperti itu, namun berita buruk tetap akan menyebar tentang dirinya: ‘Ia memiliki sahabat-sahabat yang jahat, teman-teman yang jahat, kawan-kawan yang jahat.’ Seperti halnya seekor ular yang melintasi kotoran tinja, walaupun ular itu tidak menggigit, namun tetap akan berlumuran tinja, demikian pula, walaupun seseorang tidak mengikuti teladan dari orang seperti itu, namun berita buruk tetap akan menyebar tentang dirinya: ‘Ia memiliki sahabat-sahabat yang jahat, teman-teman yang jahat, kawan-kawan yang jahat.’ Oleh karena itu orang seperti itu harus dilihat dengan kejijikan, tidak boleh dijadikan teman, tidak boleh diikuti, dan tidak boleh dilayani.",0.6343,
29,jenis orang yang tak boleh ditahbiskan,gpl-gte-multilingual-base,exp4.0,id,3,mn70,mn70:md28,anggara,"“Orang jenis apakah yang-terbebaskan-melalui-keyakinan? Di sini seseorang tidak menyentuh dengan tubuhnya dan tidak berdiam dalam kebebasan-kebebasan yang damai dan tanpa-materi, melampaui bentuk-bentuk, tetapi beberapa nodanya dihancurkan melalui penglihatannya dengan kebijaksanaan, dan keyakinannya tertanam, berakar, dan kokoh di dalam Sang Tathāgata. Orang jenis ini disebut seorang yang-terbebaskan-melalui-keyakinan. Aku mengatakan tentang bhikkhu demikian bahwa ia masih harus melakukan tugas dengan tekun. Mengapakah? Karena ketika Yang Mulia itu … menuju kehidupan tanpa rumah. Dengan melihat buah ketekunan bagi seorang bhikkhu demikian, Aku katakan bahwa ia masih harus melakukan tugas dengan tekun.",0.6339,
29,jenis orang yang tak boleh ditahbiskan,gpl-gte-multilingual-base,exp4.0,id,3,mn70,mn70:md25,anggara,"“Orang jenis apakah yang-terbebaskan-melalui-kebijaksanaan? Di sini seseorang tidak menyentuh dengan tubuhnya dan tidak berdiam dalam kebebasan-kebebasan yang damai dan tanpa-materi, melampaui bentuk-bentuk, tetapi noda-nodanya dihancurkan melalui penglihatannya dengan kebijaksanaan. Orang jenis ini disebut seorang yang-terbebaskan-melalui-kebijaksanaan. Aku tidak mengatakan tentang bhikkhu demikian bahwa ia masih harus melakukan tugas dengan tekun. Mengapakah? Ia telah melakukan tugas mereka dengan tekun; ia tidak lagi mampu menjadi lalai.",0.6308,
29,jenis orang yang tak boleh ditahbiskan,gpl-gte-multilingual-base,exp4.0,id,3,mn70,mn70:md27,anggara,"“Orang jenis apakah yang-mencapai-pandangan? Di sini seseorang tidak menyentuh dengan tubuhnya dan tidak berdiam dalam kebebasan-kebebasan yang damai dan tanpa-materi, melampaui bentuk-bentuk, tetapi beberapa nodanya dihancurkan melalui penglihatannya dengan kebijaksanaan, dan ia meninjau kembali dan memeriksa dengan kebijaksanaan ajaran-ajaran yang dinyatakan oleh Sang Tathāgata. Orang jenis ini disebut seorang yang-mencapai-pandangan. Aku mengatakan tentang bhikkhu demikian bahwa ia masih harus melakukan tugas dengan tekun. Mengapakah? Karena ketika Yang Mulia itu … menuju kehidupan tanpa rumah. Dengan melihat buah ketekunan bagi seorang bhikkhu demikian, Aku katakan bahwa ia masih harus melakukan tugas dengan tekun.",0.6272,
30,apa itu proliferasi mental,gpl-gte-multilingual-base,exp4.0,id,1,sn35.248,sn35.248:md10,anggara,"“Para bhikkhu, ‘aku’ adalah suatu proliferasi; ‘aku adalah ini’ adalah suatu proliferasi; ‘aku akan menjadi’ adalah suatu proliferasi … ‘aku akan bukan-memiliki-persepsi juga bukan-tanpa-persepsi’ adalah suatu proliferasi. Proliferasi adalah penyakit, proliferasi adalah tumor, proliferasi adalah anak panah. Oleh karena itu, para bhikkhu, kalian harus berlatih sebagai berikut: ‘Kami akan berdiam dengan pikiran bebas dari proliferasi.’",0.7095,
30,apa itu proliferasi mental,gpl-gte-multilingual-base,exp4.0,id,2,snp3.6,snp3.6:md21,anggara,"Memahami proliferasi Pikiran dan fenomena jasmani, Di dalam dan di luar, akar penyakit; Seseorang terbebas dari akar yang mengikatnya pada segala penyakit, Menuruti diri sendiri: orang demikian disebut “mengetahui”.",0.6402,
30,apa itu proliferasi mental,gpl-gte-multilingual-base,exp4.0,id,3,mn18,mn18:md16,anggara,"“Dengan bergantung pada mata dan bentuk-bentuk, maka muncul kesadaran-mata. Pertemuan ketiga ini adalah kontak. Dengan kontak sebagai kondisi maka ada perasaan. Apa yang ia rasakan, itulah yang ia kenali. Apa yang ia kenali, itulah yang ia pikirkan. Apa yang ia pikirkan, itulah yang diproliferasikan oleh pikiran. Dengan apa yang ia proliferasikan secara pikiran sebagai sumber, maka persepsi dan gagasan yang muncul dari proliferasi pikiran menyerang seseorang sehubungan dengan bentuk-bentuk masa lampau, masa depan, dan masa sekarang yang dikenali melalui mata.",0.6347,
30,apa itu proliferasi mental,gpl-gte-multilingual-base,exp4.0,id,3,mn18,mn18:md17,anggara,"“Dengan bergantung pada telinga dan suara-suara … Dengan bergantung pada hidung dan bau-bauan … Dengan bergantung pada lidah dan rasa kecapan … Dengan bergantung pada badan dan objek-objek sentuhan … Dengan bergantung pada pikiran dan objek-objek pikiran, maka muncul kesadaran-pikiran. Pertemuan ketiga ini adalah kontak. Dengan kontak sebagai kondisi maka ada perasaan. Apa yang ia rasakan, itulah yang ia kenali. Apa yang ia kenali, itulah yang ia pikirkan. Apa yang ia pikirkan, itulah yang diproliferasikan oleh pikiran. Dengan apa yang ia proliferasikan secara pikiran sebagai sumber, maka persepsi dan gagasan yang muncul dari proliferasi pikiran menyerang seseorang sehubungan dengan objek-objek pikiran masa lampau, masa depan, dan masa sekarang yang dikenali melalui pikiran.",0.6176,
30,apa itu proliferasi mental,gpl-gte-multilingual-base,exp4.0,id,4,sn35.94,sn35.94:md12,anggara,"“Ketika orang-orang biasa dengan persepsi yang terproliferasi mereka menjadi terlibat dalam mempersepsikan dan memproliferasikan. Setelah menghalau setiap kondisi-batin yang mengarah pada kehidupan rumah tangga, Seseorang berjalan di jalan pelepasan keduniawian.",0.6103,
