query_id,kueri,Model,Versi,Korpus,Spearman
1,cara mengatasi kemarahan,BM25,B,ID,-0.7
2,cara mengatasi ngantuk,BM25,B,ID,
3,apa penyebab penderitaan,BM25,B,ID,0.6669
4,mengapa harus membalas budi orangtua,BM25,B,ID,-0.8944
5,perumpamaan perumpamaan,BM25,B,ID,0.2887
6,apa itu kemurahan hati,BM25,B,ID,0.9747
7,penjelasan tentang perhatian murni,BM25,B,ID,
8,manfaat pelaksaan sila,BM25,B,ID,0.2887
9,jenis jenis kotoran batin,BM25,B,ID,
10,kriteria kesucian,BM25,B,ID,0.9487
11,siapa yang layak disebut sebagai brahmana,BM25,B,ID,
12,kewajiban seorang bhikkhu,BM25,B,ID,0.4104
13,berbagai jenis pemberian,BM25,B,ID,0.9487
14,apa makna kekosongan,BM25,B,ID,0.0
15,apa kualitas yang harus dimiliki oleh seorang penceramah,BM25,B,ID,-0.3536
16,harta yang paling bernilai,BM25,B,ID,0.4472
17,kewajiban seorang umat awam,BM25,B,ID,0.7454
18,penyebab gempa bumi,BM25,B,ID,-0.5774
19,jenis jenis kemelekatan,BM25,B,ID,0.6708
20,penggambaran terhadap keagungan buddha,BM25,B,ID,0.0527
21,jenis jenis manusia,BM25,B,ID,-0.6669
22,cara mengikis kotoran batin,BM25,B,ID,0.9177
23,penjelasan tentang pandangan terang,BM25,B,ID,-0.9682
24,apa yang terjadi pada saat pencapaian pencerahan,BM25,B,ID,
25,perasaan malu dan takut,BM25,B,ID,0.0
26,bersatu di kehidupan selanjutnya,BM25,B,ID,0.7071
27,jenis jenis karma buruk,BM25,B,ID,0.3684
28,berbagai jenis perbuatan baik,BM25,B,ID,0.6325
29,jenis orang yang tak boleh ditahbiskan,BM25,B,ID,-0.8885
30,apa itu proliferasi mental,BM25,B,ID,0.2962
1,cara mengatasi kemarahan,bge-m3,B,ID,-0.7826
2,cara mengatasi ngantuk,bge-m3,B,ID,0.5774
3,apa penyebab penderitaan,bge-m3,B,ID,0.3536
4,mengapa harus membalas budi orangtua,bge-m3,B,ID,-0.7071
6,apa itu kemurahan hati,bge-m3,B,ID,0.9
7,penjelasan tentang perhatian murni,bge-m3,B,ID,0.6708
8,manfaat pelaksaan sila,bge-m3,B,ID,0.866
9,jenis jenis kotoran batin,bge-m3,B,ID,0.866
10,kriteria kesucian,bge-m3,B,ID,
11,siapa yang layak disebut sebagai brahmana,bge-m3,B,ID,0.1081
12,kewajiban seorang bhikkhu,bge-m3,B,ID,0.6489
13,berbagai jenis pemberian,bge-m3,B,ID,0.9487
14,apa makna kekosongan,bge-m3,B,ID,-0.7454
15,apa kualitas yang harus dimiliki oleh seorang penceramah,bge-m3,B,ID,0.2887
16,harta yang paling bernilai,bge-m3,B,ID,-0.5643
17,kewajiban seorang umat awam,bge-m3,B,ID,0.2962
18,penyebab gempa bumi,bge-m3,B,ID,0.5774
19,jenis jenis kemelekatan,bge-m3,B,ID,-0.6489
20,penggambaran terhadap keagungan buddha,bge-m3,B,ID,1.0
21,jenis jenis manusia,bge-m3,B,ID,-0.7071
22,cara mengikis kotoran batin,bge-m3,B,ID,0.6669
23,penjelasan tentang pandangan terang,bge-m3,B,ID,-0.803
24,apa yang terjadi pada saat pencapaian pencerahan,bge-m3,B,ID,0.2887
25,perasaan malu dan takut,bge-m3,B,ID,-0.2052
26,bersatu di kehidupan selanjutnya,bge-m3,B,ID,
27,jenis jenis karma buruk,bge-m3,B,ID,-0.527
28,berbagai jenis perbuatan baik,bge-m3,B,ID,0.4472
29,jenis orang yang tak boleh ditahbiskan,bge-m3,B,ID,
30,apa itu proliferasi mental,bge-m3,B,ID,0.7906
1,cara mengatasi kemarahan,gpl-gte-multilingual-base,exp1,ID,-0.3536
2,cara mengatasi ngantuk,gpl-gte-multilingual-base,exp1,ID,
3,apa penyebab penderitaan,gpl-gte-multilingual-base,exp1,ID,0.7071
4,mengapa harus membalas budi orangtua,gpl-gte-multilingual-base,exp1,ID,0.1118
5,perumpamaan perumpamaan,gpl-gte-multilingual-base,exp1,ID,-0.5774
6,apa itu kemurahan hati,gpl-gte-multilingual-base,exp1,ID,0.8944
7,penjelasan tentang perhatian murni,gpl-gte-multilingual-base,exp1,ID,0.3
8,manfaat pelaksaan sila,gpl-gte-multilingual-base,exp1,ID,1.0
9,jenis jenis kotoran batin,gpl-gte-multilingual-base,exp1,ID,0.5643
10,kriteria kesucian,gpl-gte-multilingual-base,exp1,ID,-0.2236
11,siapa yang layak disebut sebagai brahmana,gpl-gte-multilingual-base,exp1,ID,0.2962
12,kewajiban seorang bhikkhu,gpl-gte-multilingual-base,exp1,ID,0.7906
13,berbagai jenis pemberian,gpl-gte-multilingual-base,exp1,ID,0.6325
14,apa makna kekosongan,gpl-gte-multilingual-base,exp1,ID,0.7454
15,apa kualitas yang harus dimiliki oleh seorang penceramah,gpl-gte-multilingual-base,exp1,ID,0.3162
16,harta yang paling bernilai,gpl-gte-multilingual-base,exp1,ID,0.4472
17,kewajiban seorang umat awam,gpl-gte-multilingual-base,exp1,ID,0.6
18,penyebab gempa bumi,gpl-gte-multilingual-base,exp1,ID,
19,jenis jenis kemelekatan,gpl-gte-multilingual-base,exp1,ID,
20,penggambaran terhadap keagungan buddha,gpl-gte-multilingual-base,exp1,ID,-0.5643
21,jenis jenis manusia,gpl-gte-multilingual-base,exp1,ID,
22,cara mengikis kotoran batin,gpl-gte-multilingual-base,exp1,ID,0.9747
23,penjelasan tentang pandangan terang,gpl-gte-multilingual-base,exp1,ID,-0.9177
24,apa yang terjadi pada saat pencapaian pencerahan,gpl-gte-multilingual-base,exp1,ID,0.5263
25,perasaan malu dan takut,gpl-gte-multilingual-base,exp1,ID,-0.866
26,bersatu di kehidupan selanjutnya,gpl-gte-multilingual-base,exp1,ID,0.9177
27,jenis jenis karma buruk,gpl-gte-multilingual-base,exp1,ID,0.3591
28,berbagai jenis perbuatan baik,gpl-gte-multilingual-base,exp1,ID,-0.2236
29,jenis orang yang tak boleh ditahbiskan,gpl-gte-multilingual-base,exp1,ID,0.7071
30,apa itu proliferasi mental,gpl-gte-multilingual-base,exp1,ID,0.0
1,cara mengatasi kemarahan,gpl-gte-multilingual-base,exp2,ID,-0.2635
2,cara mengatasi ngantuk,gpl-gte-multilingual-base,exp2,ID,-0.5774
3,apa penyebab penderitaan,gpl-gte-multilingual-base,exp2,ID,0.3591
4,mengapa harus membalas budi orangtua,gpl-gte-multilingual-base,exp2,ID,0.6708
5,perumpamaan perumpamaan,gpl-gte-multilingual-base,exp2,ID,-0.0527
6,apa itu kemurahan hati,gpl-gte-multilingual-base,exp2,ID,0.7071
7,penjelasan tentang perhatian murni,gpl-gte-multilingual-base,exp2,ID,0.2294
8,manfaat pelaksaan sila,gpl-gte-multilingual-base,exp2,ID,0.8944
9,jenis jenis kotoran batin,gpl-gte-multilingual-base,exp2,ID,0.9747
10,kriteria kesucian,gpl-gte-multilingual-base,exp2,ID,-0.8944
11,siapa yang layak disebut sebagai brahmana,gpl-gte-multilingual-base,exp2,ID,-0.7
12,kewajiban seorang bhikkhu,gpl-gte-multilingual-base,exp2,ID,-0.1118
13,berbagai jenis pemberian,gpl-gte-multilingual-base,exp2,ID,0.3354
14,apa makna kekosongan,gpl-gte-multilingual-base,exp2,ID,-0.4472
15,apa kualitas yang harus dimiliki oleh seorang penceramah,gpl-gte-multilingual-base,exp2,ID,0.1
16,harta yang paling bernilai,gpl-gte-multilingual-base,exp2,ID,-0.1581
17,kewajiban seorang umat awam,gpl-gte-multilingual-base,exp2,ID,-0.5643
18,penyebab gempa bumi,gpl-gte-multilingual-base,exp2,ID,
19,jenis jenis kemelekatan,gpl-gte-multilingual-base,exp2,ID,0.7071
20,penggambaran terhadap keagungan buddha,gpl-gte-multilingual-base,exp2,ID,-0.25
21,jenis jenis manusia,gpl-gte-multilingual-base,exp2,ID,
22,cara mengikis kotoran batin,gpl-gte-multilingual-base,exp2,ID,0.7
23,penjelasan tentang pandangan terang,gpl-gte-multilingual-base,exp2,ID,0.2294
24,apa yang terjadi pada saat pencapaian pencerahan,gpl-gte-multilingual-base,exp2,ID,-0.0513
25,perasaan malu dan takut,gpl-gte-multilingual-base,exp2,ID,-0.4472
26,bersatu di kehidupan selanjutnya,gpl-gte-multilingual-base,exp2,ID,0.9733
27,jenis jenis karma buruk,gpl-gte-multilingual-base,exp2,ID,0.1581
28,berbagai jenis perbuatan baik,gpl-gte-multilingual-base,exp2,ID,-0.1118
29,jenis orang yang tak boleh ditahbiskan,gpl-gte-multilingual-base,exp2,ID,0.3536
30,apa itu proliferasi mental,gpl-gte-multilingual-base,exp2,ID,0.6708
1,cara mengatasi kemarahan,gpl-gte-multilingual-base,exp3,ID,-0.8944
2,cara mengatasi ngantuk,gpl-gte-multilingual-base,exp3,ID,0.5774
3,apa penyebab penderitaan,gpl-gte-multilingual-base,exp3,ID,0.4
4,mengapa harus membalas budi orangtua,gpl-gte-multilingual-base,exp3,ID,-0.2236
5,perumpamaan perumpamaan,gpl-gte-multilingual-base,exp3,ID,0.2236
6,apa itu kemurahan hati,gpl-gte-multilingual-base,exp3,ID,0.7071
7,penjelasan tentang perhatian murni,gpl-gte-multilingual-base,exp3,ID,0.7826
8,manfaat pelaksaan sila,gpl-gte-multilingual-base,exp3,ID,0.8944
9,jenis jenis kotoran batin,gpl-gte-multilingual-base,exp3,ID,0.1539
10,kriteria kesucian,gpl-gte-multilingual-base,exp3,ID,-0.6708
11,siapa yang layak disebut sebagai brahmana,gpl-gte-multilingual-base,exp3,ID,0.6669
12,kewajiban seorang bhikkhu,gpl-gte-multilingual-base,exp3,ID,0.2895
13,berbagai jenis pemberian,gpl-gte-multilingual-base,exp3,ID,0.1118
14,apa makna kekosongan,gpl-gte-multilingual-base,exp3,ID,0.0
15,apa kualitas yang harus dimiliki oleh seorang penceramah,gpl-gte-multilingual-base,exp3,ID,-0.3
16,harta yang paling bernilai,gpl-gte-multilingual-base,exp3,ID,-0.6669
17,kewajiban seorang umat awam,gpl-gte-multilingual-base,exp3,ID,0.2
18,penyebab gempa bumi,gpl-gte-multilingual-base,exp3,ID,
19,jenis jenis kemelekatan,gpl-gte-multilingual-base,exp3,ID,
20,penggambaran terhadap keagungan buddha,gpl-gte-multilingual-base,exp3,ID,-0.7826
21,jenis jenis manusia,gpl-gte-multilingual-base,exp3,ID,-0.7071
22,cara mengikis kotoran batin,gpl-gte-multilingual-base,exp3,ID,0.4104
23,penjelasan tentang pandangan terang,gpl-gte-multilingual-base,exp3,ID,0.8158
24,apa yang terjadi pada saat pencapaian pencerahan,gpl-gte-multilingual-base,exp3,ID,0.1026
25,perasaan malu dan takut,gpl-gte-multilingual-base,exp3,ID,-0.6
26,bersatu di kehidupan selanjutnya,gpl-gte-multilingual-base,exp3,ID,0.866
27,jenis jenis karma buruk,gpl-gte-multilingual-base,exp3,ID,0.6156
28,berbagai jenis perbuatan baik,gpl-gte-multilingual-base,exp3,ID,0.3536
29,jenis orang yang tak boleh ditahbiskan,gpl-gte-multilingual-base,exp3,ID,0.3078
30,apa itu proliferasi mental,gpl-gte-multilingual-base,exp3,ID,0.7071
1,cara mengatasi kemarahan,gpl-gte-multilingual-base,exp4,ID,0.6669
2,cara mengatasi ngantuk,gpl-gte-multilingual-base,exp4,ID,0.3627
3,apa penyebab penderitaan,gpl-gte-multilingual-base,exp4,ID,0.2635
4,mengapa harus membalas budi orangtua,gpl-gte-multilingual-base,exp4,ID,0.7906
5,perumpamaan perumpamaan,gpl-gte-multilingual-base,exp4,ID,-0.3441
6,apa itu kemurahan hati,gpl-gte-multilingual-base,exp4,ID,0.7071
7,penjelasan tentang perhatian murni,gpl-gte-multilingual-base,exp4,ID,0.4743
8,manfaat pelaksaan sila,gpl-gte-multilingual-base,exp4,ID,-0.6669
9,jenis jenis kotoran batin,gpl-gte-multilingual-base,exp4,ID,0.8721
10,kriteria kesucian,gpl-gte-multilingual-base,exp4,ID,-0.7906
11,siapa yang layak disebut sebagai brahmana,gpl-gte-multilingual-base,exp4,ID,0.3078
12,kewajiban seorang bhikkhu,gpl-gte-multilingual-base,exp4,ID,0.5774
13,berbagai jenis pemberian,gpl-gte-multilingual-base,exp4,ID,0.7906
14,apa makna kekosongan,gpl-gte-multilingual-base,exp4,ID,-0.5407
15,apa kualitas yang harus dimiliki oleh seorang penceramah,gpl-gte-multilingual-base,exp4,ID,0.6669
16,harta yang paling bernilai,gpl-gte-multilingual-base,exp4,ID,0.7826
17,kewajiban seorang umat awam,gpl-gte-multilingual-base,exp4,ID,-0.4472
18,penyebab gempa bumi,gpl-gte-multilingual-base,exp4,ID,
19,jenis jenis kemelekatan,gpl-gte-multilingual-base,exp4,ID,0.7071
20,penggambaran terhadap keagungan buddha,gpl-gte-multilingual-base,exp4,ID,-0.3953
21,jenis jenis manusia,gpl-gte-multilingual-base,exp4,ID,0.7071
22,cara mengikis kotoran batin,gpl-gte-multilingual-base,exp4,ID,0.3078
23,penjelasan tentang pandangan terang,gpl-gte-multilingual-base,exp4,ID,-0.6882
24,apa yang terjadi pada saat pencapaian pencerahan,gpl-gte-multilingual-base,exp4,ID,-0.7071
25,perasaan malu dan takut,gpl-gte-multilingual-base,exp4,ID,0.2236
26,bersatu di kehidupan selanjutnya,gpl-gte-multilingual-base,exp4,ID,0.2108
27,jenis jenis karma buruk,gpl-gte-multilingual-base,exp4,ID,0.1
28,berbagai jenis perbuatan baik,gpl-gte-multilingual-base,exp4,ID,-0.1118
29,jenis orang yang tak boleh ditahbiskan,gpl-gte-multilingual-base,exp4,ID,0.8944
30,apa itu proliferasi mental,gpl-gte-multilingual-base,exp4,ID,0.2887
1,cara mengatasi kemarahan,gpl-gte-multilingual-base,exp4.1,ID,0.8944
2,cara mengatasi ngantuk,gpl-gte-multilingual-base,exp4.1,ID,-0.2582
3,apa penyebab penderitaan,gpl-gte-multilingual-base,exp4.1,ID,0.0527
4,mengapa harus membalas budi orangtua,gpl-gte-multilingual-base,exp4.1,ID,0.7906
5,perumpamaan perumpamaan,gpl-gte-multilingual-base,exp4.1,ID,-0.6882
6,apa itu kemurahan hati,gpl-gte-multilingual-base,exp4.1,ID,0.1053
7,penjelasan tentang perhatian murni,gpl-gte-multilingual-base,exp4.1,ID,0.9747
8,manfaat pelaksaan sila,gpl-gte-multilingual-base,exp4.1,ID,-0.6669
9,jenis jenis kotoran batin,gpl-gte-multilingual-base,exp4.1,ID,0.6669
10,kriteria kesucian,gpl-gte-multilingual-base,exp4.1,ID,-0.6708
11,siapa yang layak disebut sebagai brahmana,gpl-gte-multilingual-base,exp4.1,ID,0.0
12,kewajiban seorang bhikkhu,gpl-gte-multilingual-base,exp4.1,ID,-0.2887
13,berbagai jenis pemberian,gpl-gte-multilingual-base,exp4.1,ID,0.6325
14,apa makna kekosongan,gpl-gte-multilingual-base,exp4.1,ID,0.0526
15,apa kualitas yang harus dimiliki oleh seorang penceramah,gpl-gte-multilingual-base,exp4.1,ID,0.6
16,harta yang paling bernilai,gpl-gte-multilingual-base,exp4.1,ID,0.3536
17,kewajiban seorang umat awam,gpl-gte-multilingual-base,exp4.1,ID,-0.6708
18,penyebab gempa bumi,gpl-gte-multilingual-base,exp4.1,ID,
19,jenis jenis kemelekatan,gpl-gte-multilingual-base,exp4.1,ID,0.7071
20,penggambaran terhadap keagungan buddha,gpl-gte-multilingual-base,exp4.1,ID,-0.3627
21,jenis jenis manusia,gpl-gte-multilingual-base,exp4.1,ID,
22,cara mengikis kotoran batin,gpl-gte-multilingual-base,exp4.1,ID,0.8208
23,penjelasan tentang pandangan terang,gpl-gte-multilingual-base,exp4.1,ID,0.4588
24,apa yang terjadi pada saat pencapaian pencerahan,gpl-gte-multilingual-base,exp4.1,ID,
25,perasaan malu dan takut,gpl-gte-multilingual-base,exp4.1,ID,0.2236
26,bersatu di kehidupan selanjutnya,gpl-gte-multilingual-base,exp4.1,ID,0.2108
27,jenis jenis karma buruk,gpl-gte-multilingual-base,exp4.1,ID,0.2052
28,berbagai jenis perbuatan baik,gpl-gte-multilingual-base,exp4.1,ID,-0.1118
29,jenis orang yang tak boleh ditahbiskan,gpl-gte-multilingual-base,exp4.1,ID,0.2236
30,apa itu proliferasi mental,gpl-gte-multilingual-base,exp4.1,ID,0.0
1,cara mengatasi kemarahan,gpl-gte-multilingual-base,exp4.2,ID,0.3591
2,cara mengatasi ngantuk,gpl-gte-multilingual-base,exp4.2,ID,0.7826
3,apa penyebab penderitaan,gpl-gte-multilingual-base,exp4.2,ID,0.0513
4,mengapa harus membalas budi orangtua,gpl-gte-multilingual-base,exp4.2,ID,0.4472
5,perumpamaan perumpamaan,gpl-gte-multilingual-base,exp4.2,ID,0.866
6,apa itu kemurahan hati,gpl-gte-multilingual-base,exp4.2,ID,0.7071
7,penjelasan tentang perhatian murni,gpl-gte-multilingual-base,exp4.2,ID,0.3
8,manfaat pelaksaan sila,gpl-gte-multilingual-base,exp4.2,ID,0.0
9,jenis jenis kotoran batin,gpl-gte-multilingual-base,exp4.2,ID,0.7182
10,kriteria kesucian,gpl-gte-multilingual-base,exp4.2,ID,0.7071
11,siapa yang layak disebut sebagai brahmana,gpl-gte-multilingual-base,exp4.2,ID,0.0
12,kewajiban seorang bhikkhu,gpl-gte-multilingual-base,exp4.2,ID,0.0
13,berbagai jenis pemberian,gpl-gte-multilingual-base,exp4.2,ID,0.7906
14,apa makna kekosongan,gpl-gte-multilingual-base,exp4.2,ID,-0.1081
15,apa kualitas yang harus dimiliki oleh seorang penceramah,gpl-gte-multilingual-base,exp4.2,ID,0.6
16,harta yang paling bernilai,gpl-gte-multilingual-base,exp4.2,ID,-0.1539
17,kewajiban seorang umat awam,gpl-gte-multilingual-base,exp4.2,ID,-0.7
18,penyebab gempa bumi,gpl-gte-multilingual-base,exp4.2,ID,
19,jenis jenis kemelekatan,gpl-gte-multilingual-base,exp4.2,ID,
20,penggambaran terhadap keagungan buddha,gpl-gte-multilingual-base,exp4.2,ID,0.7906
21,jenis jenis manusia,gpl-gte-multilingual-base,exp4.2,ID,-0.4472
22,cara mengikis kotoran batin,gpl-gte-multilingual-base,exp4.2,ID,0.7379
23,penjelasan tentang pandangan terang,gpl-gte-multilingual-base,exp4.2,ID,-0.5923
24,apa yang terjadi pada saat pencapaian pencerahan,gpl-gte-multilingual-base,exp4.2,ID,
25,perasaan malu dan takut,gpl-gte-multilingual-base,exp4.2,ID,0.4472
26,bersatu di kehidupan selanjutnya,gpl-gte-multilingual-base,exp4.2,ID,0.9487
27,jenis jenis karma buruk,gpl-gte-multilingual-base,exp4.2,ID,0.9747
28,berbagai jenis perbuatan baik,gpl-gte-multilingual-base,exp4.2,ID,-0.1118
29,jenis orang yang tak boleh ditahbiskan,gpl-gte-multilingual-base,exp4.2,ID,0.7071
30,apa itu proliferasi mental,gpl-gte-multilingual-base,exp4.2,ID,0.0
1,cara mengatasi kemarahan,gpl-gte-multilingual-base,exp4.3,ID,0.4472
2,cara mengatasi ngantuk,gpl-gte-multilingual-base,exp4.3,ID,0.0
3,apa penyebab penderitaan,gpl-gte-multilingual-base,exp4.3,ID,0.1539
4,mengapa harus membalas budi orangtua,gpl-gte-multilingual-base,exp4.3,ID,0.1118
5,perumpamaan perumpamaan,gpl-gte-multilingual-base,exp4.3,ID,0.3536
6,apa itu kemurahan hati,gpl-gte-multilingual-base,exp4.3,ID,0.7071
7,penjelasan tentang perhatian murni,gpl-gte-multilingual-base,exp4.3,ID,0.9747
8,manfaat pelaksaan sila,gpl-gte-multilingual-base,exp4.3,ID,0.3536
9,jenis jenis kotoran batin,gpl-gte-multilingual-base,exp4.3,ID,-0.0513
10,kriteria kesucian,gpl-gte-multilingual-base,exp4.3,ID,0.3536
11,siapa yang layak disebut sebagai brahmana,gpl-gte-multilingual-base,exp4.3,ID,
12,kewajiban seorang bhikkhu,gpl-gte-multilingual-base,exp4.3,ID,0.8944
13,berbagai jenis pemberian,gpl-gte-multilingual-base,exp4.3,ID,0.5774
14,apa makna kekosongan,gpl-gte-multilingual-base,exp4.3,ID,-0.8944
15,apa kualitas yang harus dimiliki oleh seorang penceramah,gpl-gte-multilingual-base,exp4.3,ID,0.3
16,harta yang paling bernilai,gpl-gte-multilingual-base,exp4.3,ID,-0.2236
17,kewajiban seorang umat awam,gpl-gte-multilingual-base,exp4.3,ID,0.0
18,penyebab gempa bumi,gpl-gte-multilingual-base,exp4.3,ID,
19,jenis jenis kemelekatan,gpl-gte-multilingual-base,exp4.3,ID,
20,penggambaran terhadap keagungan buddha,gpl-gte-multilingual-base,exp4.3,ID,0.6708
21,jenis jenis manusia,gpl-gte-multilingual-base,exp4.3,ID,-0.3441
22,cara mengikis kotoran batin,gpl-gte-multilingual-base,exp4.3,ID,0.9211
23,penjelasan tentang pandangan terang,gpl-gte-multilingual-base,exp4.3,ID,-0.3441
24,apa yang terjadi pada saat pencapaian pencerahan,gpl-gte-multilingual-base,exp4.3,ID,0.5441
25,perasaan malu dan takut,gpl-gte-multilingual-base,exp4.3,ID,0.5643
26,bersatu di kehidupan selanjutnya,gpl-gte-multilingual-base,exp4.3,ID,-0.1054
27,jenis jenis karma buruk,gpl-gte-multilingual-base,exp4.3,ID,0.4104
28,berbagai jenis perbuatan baik,gpl-gte-multilingual-base,exp4.3,ID,0.4472
29,jenis orang yang tak boleh ditahbiskan,gpl-gte-multilingual-base,exp4.3,ID,0.0
30,apa itu proliferasi mental,gpl-gte-multilingual-base,exp4.3,ID,0.0
1,cara mengatasi kemarahan,gpl-gte-multilingual-base,exp5.0,ID,0.6669
2,cara mengatasi ngantuk,gpl-gte-multilingual-base,exp5.0,ID,
3,apa penyebab penderitaan,gpl-gte-multilingual-base,exp5.0,ID,0.6708
4,mengapa harus membalas budi orangtua,gpl-gte-multilingual-base,exp5.0,ID,0.7071
5,perumpamaan perumpamaan,gpl-gte-multilingual-base,exp5.0,ID,0.3536
6,apa itu kemurahan hati,gpl-gte-multilingual-base,exp5.0,ID,0.5643
7,penjelasan tentang perhatian murni,gpl-gte-multilingual-base,exp5.0,ID,0.8721
8,manfaat pelaksaan sila,gpl-gte-multilingual-base,exp5.0,ID,0.6156
9,jenis jenis kotoran batin,gpl-gte-multilingual-base,exp5.0,ID,0.6669
10,kriteria kesucian,gpl-gte-multilingual-base,exp5.0,ID,-0.0513
11,siapa yang layak disebut sebagai brahmana,gpl-gte-multilingual-base,exp5.0,ID,
12,kewajiban seorang bhikkhu,gpl-gte-multilingual-base,exp5.0,ID,0.5774
13,berbagai jenis pemberian,gpl-gte-multilingual-base,exp5.0,ID,0.527
14,apa makna kekosongan,gpl-gte-multilingual-base,exp5.0,ID,
15,apa kualitas yang harus dimiliki oleh seorang penceramah,gpl-gte-multilingual-base,exp5.0,ID,0.8208
16,harta yang paling bernilai,gpl-gte-multilingual-base,exp5.0,ID,0.3591
17,kewajiban seorang umat awam,gpl-gte-multilingual-base,exp5.0,ID,-0.0513
18,penyebab gempa bumi,gpl-gte-multilingual-base,exp5.0,ID,
19,jenis jenis kemelekatan,gpl-gte-multilingual-base,exp5.0,ID,
20,penggambaran terhadap keagungan buddha,gpl-gte-multilingual-base,exp5.0,ID,-0.5
21,jenis jenis manusia,gpl-gte-multilingual-base,exp5.0,ID,
22,cara mengikis kotoran batin,gpl-gte-multilingual-base,exp5.0,ID,0.9747
23,penjelasan tentang pandangan terang,gpl-gte-multilingual-base,exp5.0,ID,-0.9
24,apa yang terjadi pada saat pencapaian pencerahan,gpl-gte-multilingual-base,exp5.0,ID,0.7071
25,perasaan malu dan takut,gpl-gte-multilingual-base,exp5.0,ID,-0.866
26,bersatu di kehidupan selanjutnya,gpl-gte-multilingual-base,exp5.0,ID,0.2236
27,jenis jenis karma buruk,gpl-gte-multilingual-base,exp5.0,ID,-0.0278
28,berbagai jenis perbuatan baik,gpl-gte-multilingual-base,exp5.0,ID,0.7071
29,jenis orang yang tak boleh ditahbiskan,gpl-gte-multilingual-base,exp5.0,ID,0.4472
30,apa itu proliferasi mental,gpl-gte-multilingual-base,exp5.0,ID,0.866
1,cara mengatasi kemarahan,gpl-gte-multilingual-base,exp5.1,ID,0.5643
2,cara mengatasi ngantuk,gpl-gte-multilingual-base,exp5.1,ID,
3,apa penyebab penderitaan,gpl-gte-multilingual-base,exp5.1,ID,0.8944
4,mengapa harus membalas budi orangtua,gpl-gte-multilingual-base,exp5.1,ID,0.7071
5,perumpamaan perumpamaan,gpl-gte-multilingual-base,exp5.1,ID,0.3536
6,apa itu kemurahan hati,gpl-gte-multilingual-base,exp5.1,ID,0.5643
7,penjelasan tentang perhatian murni,gpl-gte-multilingual-base,exp5.1,ID,0.6669
8,manfaat pelaksaan sila,gpl-gte-multilingual-base,exp5.1,ID,0.8208
9,jenis jenis kotoran batin,gpl-gte-multilingual-base,exp5.1,ID,0.7
10,kriteria kesucian,gpl-gte-multilingual-base,exp5.1,ID,0.1026
11,siapa yang layak disebut sebagai brahmana,gpl-gte-multilingual-base,exp5.1,ID,0.8721
12,kewajiban seorang bhikkhu,gpl-gte-multilingual-base,exp5.1,ID,0.8944
13,berbagai jenis pemberian,gpl-gte-multilingual-base,exp5.1,ID,0.527
14,apa makna kekosongan,gpl-gte-multilingual-base,exp5.1,ID,
15,apa kualitas yang harus dimiliki oleh seorang penceramah,gpl-gte-multilingual-base,exp5.1,ID,-0.1118
16,harta yang paling bernilai,gpl-gte-multilingual-base,exp5.1,ID,0.3591
17,kewajiban seorang umat awam,gpl-gte-multilingual-base,exp5.1,ID,-0.0513
18,penyebab gempa bumi,gpl-gte-multilingual-base,exp5.1,ID,
19,jenis jenis kemelekatan,gpl-gte-multilingual-base,exp5.1,ID,
20,penggambaran terhadap keagungan buddha,gpl-gte-multilingual-base,exp5.1,ID,0.6708
21,jenis jenis manusia,gpl-gte-multilingual-base,exp5.1,ID,-0.3536
22,cara mengikis kotoran batin,gpl-gte-multilingual-base,exp5.1,ID,0.9747
23,penjelasan tentang pandangan terang,gpl-gte-multilingual-base,exp5.1,ID,-0.4104
24,apa yang terjadi pada saat pencapaian pencerahan,gpl-gte-multilingual-base,exp5.1,ID,0.7071
25,perasaan malu dan takut,gpl-gte-multilingual-base,exp5.1,ID,-0.2052
26,bersatu di kehidupan selanjutnya,gpl-gte-multilingual-base,exp5.1,ID,0.6842
27,jenis jenis karma buruk,gpl-gte-multilingual-base,exp5.1,ID,-0.0278
28,berbagai jenis perbuatan baik,gpl-gte-multilingual-base,exp5.1,ID,0.7071
29,jenis orang yang tak boleh ditahbiskan,gpl-gte-multilingual-base,exp5.1,ID,0.2236
30,apa itu proliferasi mental,gpl-gte-multilingual-base,exp5.1,ID,0.866
1,cara mengatasi kemarahan,gpl-gte-multilingual-base,exp5.2,ID,-0.3536
2,cara mengatasi ngantuk,gpl-gte-multilingual-base,exp5.2,ID,0.7071
3,apa penyebab penderitaan,gpl-gte-multilingual-base,exp5.2,ID,0.8944
4,mengapa harus membalas budi orangtua,gpl-gte-multilingual-base,exp5.2,ID,
5,perumpamaan perumpamaan,gpl-gte-multilingual-base,exp5.2,ID,0.0
6,apa itu kemurahan hati,gpl-gte-multilingual-base,exp5.2,ID,0.5
7,penjelasan tentang perhatian murni,gpl-gte-multilingual-base,exp5.2,ID,0.8721
8,manfaat pelaksaan sila,gpl-gte-multilingual-base,exp5.2,ID,0.9
9,jenis jenis kotoran batin,gpl-gte-multilingual-base,exp5.2,ID,0.7
10,kriteria kesucian,gpl-gte-multilingual-base,exp5.2,ID,0.2887
11,siapa yang layak disebut sebagai brahmana,gpl-gte-multilingual-base,exp5.2,ID,0.2236
12,kewajiban seorang bhikkhu,gpl-gte-multilingual-base,exp5.2,ID,0.9
13,berbagai jenis pemberian,gpl-gte-multilingual-base,exp5.2,ID,0.0
14,apa makna kekosongan,gpl-gte-multilingual-base,exp5.2,ID,-0.7454
15,apa kualitas yang harus dimiliki oleh seorang penceramah,gpl-gte-multilingual-base,exp5.2,ID,-0.1118
16,harta yang paling bernilai,gpl-gte-multilingual-base,exp5.2,ID,0.8721
17,kewajiban seorang umat awam,gpl-gte-multilingual-base,exp5.2,ID,0.3
18,penyebab gempa bumi,gpl-gte-multilingual-base,exp5.2,ID,
19,jenis jenis kemelekatan,gpl-gte-multilingual-base,exp5.2,ID,
20,penggambaran terhadap keagungan buddha,gpl-gte-multilingual-base,exp5.2,ID,-0.7906
21,jenis jenis manusia,gpl-gte-multilingual-base,exp5.2,ID,-0.8944
22,cara mengikis kotoran batin,gpl-gte-multilingual-base,exp5.2,ID,0.4
23,penjelasan tentang pandangan terang,gpl-gte-multilingual-base,exp5.2,ID,-0.1
24,apa yang terjadi pada saat pencapaian pencerahan,gpl-gte-multilingual-base,exp5.2,ID,0.6669
25,perasaan malu dan takut,gpl-gte-multilingual-base,exp5.2,ID,-0.3591
26,bersatu di kehidupan selanjutnya,gpl-gte-multilingual-base,exp5.2,ID,0.5407
27,jenis jenis karma buruk,gpl-gte-multilingual-base,exp5.2,ID,-0.6669
28,berbagai jenis perbuatan baik,gpl-gte-multilingual-base,exp5.2,ID,
29,jenis orang yang tak boleh ditahbiskan,gpl-gte-multilingual-base,exp5.2,ID,0.2052
30,apa itu proliferasi mental,gpl-gte-multilingual-base,exp5.2,ID,0.8944
1,cara mengatasi kemarahan,gpl-gte-multilingual-base,exp5.3,ID,0.7071
2,cara mengatasi ngantuk,gpl-gte-multilingual-base,exp5.3,ID,0.866
3,apa penyebab penderitaan,gpl-gte-multilingual-base,exp5.3,ID,0.8944
4,mengapa harus membalas budi orangtua,gpl-gte-multilingual-base,exp5.3,ID,0.3536
5,perumpamaan perumpamaan,gpl-gte-multilingual-base,exp5.3,ID,0.3536
6,apa itu kemurahan hati,gpl-gte-multilingual-base,exp5.3,ID,0.2052
7,penjelasan tentang perhatian murni,gpl-gte-multilingual-base,exp5.3,ID,0.9
8,manfaat pelaksaan sila,gpl-gte-multilingual-base,exp5.3,ID,0.9
9,jenis jenis kotoran batin,gpl-gte-multilingual-base,exp5.3,ID,0.6669
10,kriteria kesucian,gpl-gte-multilingual-base,exp5.3,ID,0.6708
11,siapa yang layak disebut sebagai brahmana,gpl-gte-multilingual-base,exp5.3,ID,0.866
12,kewajiban seorang bhikkhu,gpl-gte-multilingual-base,exp5.3,ID,0.9487
13,berbagai jenis pemberian,gpl-gte-multilingual-base,exp5.3,ID,0.1581
14,apa makna kekosongan,gpl-gte-multilingual-base,exp5.3,ID,-0.3591
15,apa kualitas yang harus dimiliki oleh seorang penceramah,gpl-gte-multilingual-base,exp5.3,ID,0.6
16,harta yang paling bernilai,gpl-gte-multilingual-base,exp5.3,ID,0.8721
17,kewajiban seorang umat awam,gpl-gte-multilingual-base,exp5.3,ID,0.4104
18,penyebab gempa bumi,gpl-gte-multilingual-base,exp5.3,ID,
19,jenis jenis kemelekatan,gpl-gte-multilingual-base,exp5.3,ID,
20,penggambaran terhadap keagungan buddha,gpl-gte-multilingual-base,exp5.3,ID,-1.0
21,jenis jenis manusia,gpl-gte-multilingual-base,exp5.3,ID,-0.6708
22,cara mengikis kotoran batin,gpl-gte-multilingual-base,exp5.3,ID,0.2052
23,penjelasan tentang pandangan terang,gpl-gte-multilingual-base,exp5.3,ID,0.4
24,apa yang terjadi pada saat pencapaian pencerahan,gpl-gte-multilingual-base,exp5.3,ID,0.8208
25,perasaan malu dan takut,gpl-gte-multilingual-base,exp5.3,ID,-0.2236
26,bersatu di kehidupan selanjutnya,gpl-gte-multilingual-base,exp5.3,ID,-0.2236
27,jenis jenis karma buruk,gpl-gte-multilingual-base,exp5.3,ID,-0.0278
28,berbagai jenis perbuatan baik,gpl-gte-multilingual-base,exp5.3,ID,
29,jenis orang yang tak boleh ditahbiskan,gpl-gte-multilingual-base,exp5.3,ID,-0.4472
30,apa itu proliferasi mental,gpl-gte-multilingual-base,exp5.3,ID,0.8944
1,cara mengatasi kemarahan,gpl-gte-multilingual-base,exp5.4,ID,0.6669
2,cara mengatasi ngantuk,gpl-gte-multilingual-base,exp5.4,ID,0.8721
3,apa penyebab penderitaan,gpl-gte-multilingual-base,exp5.4,ID,0.8944
4,mengapa harus membalas budi orangtua,gpl-gte-multilingual-base,exp5.4,ID,
5,perumpamaan perumpamaan,gpl-gte-multilingual-base,exp5.4,ID,-0.2887
6,apa itu kemurahan hati,gpl-gte-multilingual-base,exp5.4,ID,0.2236
7,penjelasan tentang perhatian murni,gpl-gte-multilingual-base,exp5.4,ID,-0.8
8,manfaat pelaksaan sila,gpl-gte-multilingual-base,exp5.4,ID,-0.0513
9,jenis jenis kotoran batin,gpl-gte-multilingual-base,exp5.4,ID,0.7
10,kriteria kesucian,gpl-gte-multilingual-base,exp5.4,ID,0.4104
11,siapa yang layak disebut sebagai brahmana,gpl-gte-multilingual-base,exp5.4,ID,0.4472
12,kewajiban seorang bhikkhu,gpl-gte-multilingual-base,exp5.4,ID,0.5774
13,berbagai jenis pemberian,gpl-gte-multilingual-base,exp5.4,ID,0.0
14,apa makna kekosongan,gpl-gte-multilingual-base,exp5.4,ID,-0.5789
15,apa kualitas yang harus dimiliki oleh seorang penceramah,gpl-gte-multilingual-base,exp5.4,ID,0.125
16,harta yang paling bernilai,gpl-gte-multilingual-base,exp5.4,ID,0.8721
17,kewajiban seorang umat awam,gpl-gte-multilingual-base,exp5.4,ID,0.1
18,penyebab gempa bumi,gpl-gte-multilingual-base,exp5.4,ID,
19,jenis jenis kemelekatan,gpl-gte-multilingual-base,exp5.4,ID,
20,penggambaran terhadap keagungan buddha,gpl-gte-multilingual-base,exp5.4,ID,-0.7906
21,jenis jenis manusia,gpl-gte-multilingual-base,exp5.4,ID,-0.4617
22,cara mengikis kotoran batin,gpl-gte-multilingual-base,exp5.4,ID,0.5643
23,penjelasan tentang pandangan terang,gpl-gte-multilingual-base,exp5.4,ID,0.6669
24,apa yang terjadi pada saat pencapaian pencerahan,gpl-gte-multilingual-base,exp5.4,ID,0.4472
25,perasaan malu dan takut,gpl-gte-multilingual-base,exp5.4,ID,0.866
26,bersatu di kehidupan selanjutnya,gpl-gte-multilingual-base,exp5.4,ID,0.1081
27,jenis jenis karma buruk,gpl-gte-multilingual-base,exp5.4,ID,-0.0278
28,berbagai jenis perbuatan baik,gpl-gte-multilingual-base,exp5.4,ID,0.7071
29,jenis orang yang tak boleh ditahbiskan,gpl-gte-multilingual-base,exp5.4,ID,-0.3591
30,apa itu proliferasi mental,gpl-gte-multilingual-base,exp5.4,ID,0.866
1,cara mengatasi kemarahan,gpl-gte-multilingual-base,exp5.4.1,ID,0.6669
2,cara mengatasi ngantuk,gpl-gte-multilingual-base,exp5.4.1,ID,0.7746
3,apa penyebab penderitaan,gpl-gte-multilingual-base,exp5.4.1,ID,0.8944
4,mengapa harus membalas budi orangtua,gpl-gte-multilingual-base,exp5.4.1,ID,0.7071
5,perumpamaan perumpamaan,gpl-gte-multilingual-base,exp5.4.1,ID,0.0
6,apa itu kemurahan hati,gpl-gte-multilingual-base,exp5.4.1,ID,0.2236
7,penjelasan tentang perhatian murni,gpl-gte-multilingual-base,exp5.4.1,ID,0.7182
8,manfaat pelaksaan sila,gpl-gte-multilingual-base,exp5.4.1,ID,0.1026
9,jenis jenis kotoran batin,gpl-gte-multilingual-base,exp5.4.1,ID,0.2
10,kriteria kesucian,gpl-gte-multilingual-base,exp5.4.1,ID,0.8721
11,siapa yang layak disebut sebagai brahmana,gpl-gte-multilingual-base,exp5.4.1,ID,0.4472
12,kewajiban seorang bhikkhu,gpl-gte-multilingual-base,exp5.4.1,ID,0.5774
13,berbagai jenis pemberian,gpl-gte-multilingual-base,exp5.4.1,ID,0.527
14,apa makna kekosongan,gpl-gte-multilingual-base,exp5.4.1,ID,-0.5789
15,apa kualitas yang harus dimiliki oleh seorang penceramah,gpl-gte-multilingual-base,exp5.4.1,ID,0.125
16,harta yang paling bernilai,gpl-gte-multilingual-base,exp5.4.1,ID,0.2236
17,kewajiban seorang umat awam,gpl-gte-multilingual-base,exp5.4.1,ID,0.1
18,penyebab gempa bumi,gpl-gte-multilingual-base,exp5.4.1,ID,
19,jenis jenis kemelekatan,gpl-gte-multilingual-base,exp5.4.1,ID,
20,penggambaran terhadap keagungan buddha,gpl-gte-multilingual-base,exp5.4.1,ID,-1.0
21,jenis jenis manusia,gpl-gte-multilingual-base,exp5.4.1,ID,-0.4617
22,cara mengikis kotoran batin,gpl-gte-multilingual-base,exp5.4.1,ID,0.1539
23,penjelasan tentang pandangan terang,gpl-gte-multilingual-base,exp5.4.1,ID,-0.1539
24,apa yang terjadi pada saat pencapaian pencerahan,gpl-gte-multilingual-base,exp5.4.1,ID,0.7071
25,perasaan malu dan takut,gpl-gte-multilingual-base,exp5.4.1,ID,0.866
26,bersatu di kehidupan selanjutnya,gpl-gte-multilingual-base,exp5.4.1,ID,0.1054
27,jenis jenis karma buruk,gpl-gte-multilingual-base,exp5.4.1,ID,-0.0278
28,berbagai jenis perbuatan baik,gpl-gte-multilingual-base,exp5.4.1,ID,0.7071
29,jenis orang yang tak boleh ditahbiskan,gpl-gte-multilingual-base,exp5.4.1,ID,0.2052
30,apa itu proliferasi mental,gpl-gte-multilingual-base,exp5.4.1,ID,0.866
1,cara mengatasi kemarahan,gpl-gte-multilingual-base,exp5.4.2,ID,0.2236
2,cara mengatasi ngantuk,gpl-gte-multilingual-base,exp5.4.2,ID,0.7071
3,apa penyebab penderitaan,gpl-gte-multilingual-base,exp5.4.2,ID,0.8944
4,mengapa harus membalas budi orangtua,gpl-gte-multilingual-base,exp5.4.2,ID,
5,perumpamaan perumpamaan,gpl-gte-multilingual-base,exp5.4.2,ID,
6,apa itu kemurahan hati,gpl-gte-multilingual-base,exp5.4.2,ID,0.4472
7,penjelasan tentang perhatian murni,gpl-gte-multilingual-base,exp5.4.2,ID,0.2052
8,manfaat pelaksaan sila,gpl-gte-multilingual-base,exp5.4.2,ID,-0.1026
9,jenis jenis kotoran batin,gpl-gte-multilingual-base,exp5.4.2,ID,0.6669
10,kriteria kesucian,gpl-gte-multilingual-base,exp5.4.2,ID,0.9747
11,siapa yang layak disebut sebagai brahmana,gpl-gte-multilingual-base,exp5.4.2,ID,0.4472
12,kewajiban seorang bhikkhu,gpl-gte-multilingual-base,exp5.4.2,ID,0.5774
13,berbagai jenis pemberian,gpl-gte-multilingual-base,exp5.4.2,ID,0.0
14,apa makna kekosongan,gpl-gte-multilingual-base,exp5.4.2,ID,-0.6
15,apa kualitas yang harus dimiliki oleh seorang penceramah,gpl-gte-multilingual-base,exp5.4.2,ID,-0.1118
16,harta yang paling bernilai,gpl-gte-multilingual-base,exp5.4.2,ID,0.8721
17,kewajiban seorang umat awam,gpl-gte-multilingual-base,exp5.4.2,ID,-0.2
18,penyebab gempa bumi,gpl-gte-multilingual-base,exp5.4.2,ID,
19,jenis jenis kemelekatan,gpl-gte-multilingual-base,exp5.4.2,ID,
20,penggambaran terhadap keagungan buddha,gpl-gte-multilingual-base,exp5.4.2,ID,-1.0
21,jenis jenis manusia,gpl-gte-multilingual-base,exp5.4.2,ID,-0.4617
22,cara mengikis kotoran batin,gpl-gte-multilingual-base,exp5.4.2,ID,0.3591
23,penjelasan tentang pandangan terang,gpl-gte-multilingual-base,exp5.4.2,ID,0.4
24,apa yang terjadi pada saat pencapaian pencerahan,gpl-gte-multilingual-base,exp5.4.2,ID,0.4472
25,perasaan malu dan takut,gpl-gte-multilingual-base,exp5.4.2,ID,-0.1118
26,bersatu di kehidupan selanjutnya,gpl-gte-multilingual-base,exp5.4.2,ID,0.6325
27,jenis jenis karma buruk,gpl-gte-multilingual-base,exp5.4.2,ID,-0.0278
28,berbagai jenis perbuatan baik,gpl-gte-multilingual-base,exp5.4.2,ID,
29,jenis orang yang tak boleh ditahbiskan,gpl-gte-multilingual-base,exp5.4.2,ID,-0.2052
30,apa itu proliferasi mental,gpl-gte-multilingual-base,exp5.4.2,ID,0.8944
1,cara mengatasi kemarahan,gpl-gte-multilingual-base,exp5.4.3,ID,0.6669
2,cara mengatasi ngantuk,gpl-gte-multilingual-base,exp5.4.3,ID,0.8944
3,apa penyebab penderitaan,gpl-gte-multilingual-base,exp5.4.3,ID,0.8944
4,mengapa harus membalas budi orangtua,gpl-gte-multilingual-base,exp5.4.3,ID,0.3536
5,perumpamaan perumpamaan,gpl-gte-multilingual-base,exp5.4.3,ID,
6,apa itu kemurahan hati,gpl-gte-multilingual-base,exp5.4.3,ID,0.4472
7,penjelasan tentang perhatian murni,gpl-gte-multilingual-base,exp5.4.3,ID,0.8
8,manfaat pelaksaan sila,gpl-gte-multilingual-base,exp5.4.3,ID,0.9
9,jenis jenis kotoran batin,gpl-gte-multilingual-base,exp5.4.3,ID,0.7
10,kriteria kesucian,gpl-gte-multilingual-base,exp5.4.3,ID,0.4472
11,siapa yang layak disebut sebagai brahmana,gpl-gte-multilingual-base,exp5.4.3,ID,0.9747
12,kewajiban seorang bhikkhu,gpl-gte-multilingual-base,exp5.4.3,ID,0.5774
13,berbagai jenis pemberian,gpl-gte-multilingual-base,exp5.4.3,ID,-0.2887
14,apa makna kekosongan,gpl-gte-multilingual-base,exp5.4.3,ID,-0.6
15,apa kualitas yang harus dimiliki oleh seorang penceramah,gpl-gte-multilingual-base,exp5.4.3,ID,0.9177
16,harta yang paling bernilai,gpl-gte-multilingual-base,exp5.4.3,ID,0.8721
17,kewajiban seorang umat awam,gpl-gte-multilingual-base,exp5.4.3,ID,-0.7182
18,penyebab gempa bumi,gpl-gte-multilingual-base,exp5.4.3,ID,
19,jenis jenis kemelekatan,gpl-gte-multilingual-base,exp5.4.3,ID,
20,penggambaran terhadap keagungan buddha,gpl-gte-multilingual-base,exp5.4.3,ID,-0.7906
21,jenis jenis manusia,gpl-gte-multilingual-base,exp5.4.3,ID,0.0
22,cara mengikis kotoran batin,gpl-gte-multilingual-base,exp5.4.3,ID,0.3591
23,penjelasan tentang pandangan terang,gpl-gte-multilingual-base,exp5.4.3,ID,0.4
24,apa yang terjadi pada saat pencapaian pencerahan,gpl-gte-multilingual-base,exp5.4.3,ID,0.1118
25,perasaan malu dan takut,gpl-gte-multilingual-base,exp5.4.3,ID,-0.1118
26,bersatu di kehidupan selanjutnya,gpl-gte-multilingual-base,exp5.4.3,ID,0.0
27,jenis jenis karma buruk,gpl-gte-multilingual-base,exp5.4.3,ID,-0.0278
28,berbagai jenis perbuatan baik,gpl-gte-multilingual-base,exp5.4.3,ID,
29,jenis orang yang tak boleh ditahbiskan,gpl-gte-multilingual-base,exp5.4.3,ID,0.6708
30,apa itu proliferasi mental,gpl-gte-multilingual-base,exp5.4.3,ID,0.8944
1,cara mengatasi kemarahan,gpl-gte-multilingual-base,exp6,ID,-0.1539
2,cara mengatasi ngantuk,gpl-gte-multilingual-base,exp6,ID,
3,apa penyebab penderitaan,gpl-gte-multilingual-base,exp6,ID,-0.7071
4,mengapa harus membalas budi orangtua,gpl-gte-multilingual-base,exp6,ID,0.1118
5,perumpamaan perumpamaan,gpl-gte-multilingual-base,exp6,ID,-0.3536
7,penjelasan tentang perhatian murni,gpl-gte-multilingual-base,exp6,ID,-0.7379
8,manfaat pelaksaan sila,gpl-gte-multilingual-base,exp6,ID,1.0
9,jenis jenis kotoran batin,gpl-gte-multilingual-base,exp6,ID,0.4617
11,siapa yang layak disebut sebagai brahmana,gpl-gte-multilingual-base,exp6,ID,0.2108
12,kewajiban seorang bhikkhu,gpl-gte-multilingual-base,exp6,ID,0.7071
13,berbagai jenis pemberian,gpl-gte-multilingual-base,exp6,ID,0.9747
15,apa kualitas yang harus dimiliki oleh seorang penceramah,gpl-gte-multilingual-base,exp6,ID,0.2052
16,harta yang paling bernilai,gpl-gte-multilingual-base,exp6,ID,0.5643
17,kewajiban seorang umat awam,gpl-gte-multilingual-base,exp6,ID,0.6156
18,penyebab gempa bumi,gpl-gte-multilingual-base,exp6,ID,
19,jenis jenis kemelekatan,gpl-gte-multilingual-base,exp6,ID,0.7071
20,penggambaran terhadap keagungan buddha,gpl-gte-multilingual-base,exp6,ID,0.3591
21,jenis jenis manusia,gpl-gte-multilingual-base,exp6,ID,-0.3536
22,cara mengikis kotoran batin,gpl-gte-multilingual-base,exp6,ID,-0.9487
23,penjelasan tentang pandangan terang,gpl-gte-multilingual-base,exp6,ID,-0.803
24,apa yang terjadi pada saat pencapaian pencerahan,gpl-gte-multilingual-base,exp6,ID,0.1118
25,perasaan malu dan takut,gpl-gte-multilingual-base,exp6,ID,0.6325
26,bersatu di kehidupan selanjutnya,gpl-gte-multilingual-base,exp6,ID,0.1579
27,jenis jenis karma buruk,gpl-gte-multilingual-base,exp6,ID,0.9
28,berbagai jenis perbuatan baik,gpl-gte-multilingual-base,exp6,ID,0.6708
29,jenis orang yang tak boleh ditahbiskan,gpl-gte-multilingual-base,exp6,ID,0.1118
30,apa itu proliferasi mental,gpl-gte-multilingual-base,exp6,ID,
1,cara mengatasi kemarahan,gpl-gte-multilingual-base,GPL,ID,-0.3536
2,cara mengatasi ngantuk,gpl-gte-multilingual-base,GPL,ID,
3,apa penyebab penderitaan,gpl-gte-multilingual-base,GPL,ID,0.7071
4,mengapa harus membalas budi orangtua,gpl-gte-multilingual-base,GPL,ID,0.4472
5,perumpamaan perumpamaan,gpl-gte-multilingual-base,GPL,ID,-0.2887
6,apa itu kemurahan hati,gpl-gte-multilingual-base,GPL,ID,0.8944
7,penjelasan tentang perhatian murni,gpl-gte-multilingual-base,GPL,ID,0.9747
8,manfaat pelaksaan sila,gpl-gte-multilingual-base,GPL,ID,0.6882
9,jenis jenis kotoran batin,gpl-gte-multilingual-base,GPL,ID,0.2236
10,kriteria kesucian,gpl-gte-multilingual-base,GPL,ID,-0.7906
11,siapa yang layak disebut sebagai brahmana,gpl-gte-multilingual-base,GPL,ID,0.4472
12,kewajiban seorang bhikkhu,gpl-gte-multilingual-base,GPL,ID,0.9487
13,berbagai jenis pemberian,gpl-gte-multilingual-base,GPL,ID,0.8721
14,apa makna kekosongan,gpl-gte-multilingual-base,GPL,ID,0.7454
15,apa kualitas yang harus dimiliki oleh seorang penceramah,gpl-gte-multilingual-base,GPL,ID,0.6882
16,harta yang paling bernilai,gpl-gte-multilingual-base,GPL,ID,0.3536
17,kewajiban seorang umat awam,gpl-gte-multilingual-base,GPL,ID,0.3078
18,penyebab gempa bumi,gpl-gte-multilingual-base,GPL,ID,
19,jenis jenis kemelekatan,gpl-gte-multilingual-base,GPL,ID,
20,penggambaran terhadap keagungan buddha,gpl-gte-multilingual-base,GPL,ID,-0.3689
21,jenis jenis manusia,gpl-gte-multilingual-base,GPL,ID,0.7071
22,cara mengikis kotoran batin,gpl-gte-multilingual-base,GPL,ID,0.7379
23,penjelasan tentang pandangan terang,gpl-gte-multilingual-base,GPL,ID,-0.9177
24,apa yang terjadi pada saat pencapaian pencerahan,gpl-gte-multilingual-base,GPL,ID,0.3078
25,perasaan malu dan takut,gpl-gte-multilingual-base,GPL,ID,-0.866
26,bersatu di kehidupan selanjutnya,gpl-gte-multilingual-base,GPL,ID,0.7255
27,jenis jenis karma buruk,gpl-gte-multilingual-base,GPL,ID,0.3591
28,berbagai jenis perbuatan baik,gpl-gte-multilingual-base,GPL,ID,-0.7071
29,jenis orang yang tak boleh ditahbiskan,gpl-gte-multilingual-base,GPL,ID,-0.7071
30,apa itu proliferasi mental,gpl-gte-multilingual-base,GPL,ID,0.2887
1,cara mengatasi kemarahan,gpl-multilingual-e5-base,exp1,ID,-0.3
2,cara mengatasi ngantuk,gpl-multilingual-e5-base,exp1,ID,
3,apa penyebab penderitaan,gpl-multilingual-e5-base,exp1,ID,-0.7071
4,mengapa harus membalas budi orangtua,gpl-multilingual-e5-base,exp1,ID,0.866
5,perumpamaan perumpamaan,gpl-multilingual-e5-base,exp1,ID,0.6325
6,apa itu kemurahan hati,gpl-multilingual-e5-base,exp1,ID,0.1539
7,penjelasan tentang perhatian murni,gpl-multilingual-e5-base,exp1,ID,0.527
8,manfaat pelaksaan sila,gpl-multilingual-e5-base,exp1,ID,0.3162
9,jenis jenis kotoran batin,gpl-multilingual-e5-base,exp1,ID,0.2632
10,kriteria kesucian,gpl-multilingual-e5-base,exp1,ID,-0.1539
11,siapa yang layak disebut sebagai brahmana,gpl-multilingual-e5-base,exp1,ID,-0.7071
12,kewajiban seorang bhikkhu,gpl-multilingual-e5-base,exp1,ID,0.3162
13,berbagai jenis pemberian,gpl-multilingual-e5-base,exp1,ID,0.5643
14,apa makna kekosongan,gpl-multilingual-e5-base,exp1,ID,-0.8885
15,apa kualitas yang harus dimiliki oleh seorang penceramah,gpl-multilingual-e5-base,exp1,ID,0.4743
16,harta yang paling bernilai,gpl-multilingual-e5-base,exp1,ID,0.7071
17,kewajiban seorang umat awam,gpl-multilingual-e5-base,exp1,ID,-0.3162
18,penyebab gempa bumi,gpl-multilingual-e5-base,exp1,ID,
19,jenis jenis kemelekatan,gpl-multilingual-e5-base,exp1,ID,0.3536
20,penggambaran terhadap keagungan buddha,gpl-multilingual-e5-base,exp1,ID,0.6708
21,jenis jenis manusia,gpl-multilingual-e5-base,exp1,ID,0.7071
22,cara mengikis kotoran batin,gpl-multilingual-e5-base,exp1,ID,0.1539
23,penjelasan tentang pandangan terang,gpl-multilingual-e5-base,exp1,ID,-0.2294
24,apa yang terjadi pada saat pencapaian pencerahan,gpl-multilingual-e5-base,exp1,ID,-0.3591
25,perasaan malu dan takut,gpl-multilingual-e5-base,exp1,ID,-0.2236
26,bersatu di kehidupan selanjutnya,gpl-multilingual-e5-base,exp1,ID,0.6882
27,jenis jenis karma buruk,gpl-multilingual-e5-base,exp1,ID,0.6
28,berbagai jenis perbuatan baik,gpl-multilingual-e5-base,exp1,ID,0.6669
29,jenis orang yang tak boleh ditahbiskan,gpl-multilingual-e5-base,exp1,ID,0.8944
30,apa itu proliferasi mental,gpl-multilingual-e5-base,exp1,ID,-0.2887
1,cara mengatasi kemarahan,gpl-multilingual-e5-base,exp2,ID,-0.1118
2,cara mengatasi ngantuk,gpl-multilingual-e5-base,exp2,ID,
3,apa penyebab penderitaan,gpl-multilingual-e5-base,exp2,ID,0.6325
4,mengapa harus membalas budi orangtua,gpl-multilingual-e5-base,exp2,ID,0.7826
5,perumpamaan perumpamaan,gpl-multilingual-e5-base,exp2,ID,0.2962
6,apa itu kemurahan hati,gpl-multilingual-e5-base,exp2,ID,0.9747
7,penjelasan tentang perhatian murni,gpl-multilingual-e5-base,exp2,ID,0.7906
8,manfaat pelaksaan sila,gpl-multilingual-e5-base,exp2,ID,0.6325
9,jenis jenis kotoran batin,gpl-multilingual-e5-base,exp2,ID,-0.6156
10,kriteria kesucian,gpl-multilingual-e5-base,exp2,ID,0.7
11,siapa yang layak disebut sebagai brahmana,gpl-multilingual-e5-base,exp2,ID,-0.1118
12,kewajiban seorang bhikkhu,gpl-multilingual-e5-base,exp2,ID,-0.1581
13,berbagai jenis pemberian,gpl-multilingual-e5-base,exp2,ID,0.7906
14,apa makna kekosongan,gpl-multilingual-e5-base,exp2,ID,-0.7071
15,apa kualitas yang harus dimiliki oleh seorang penceramah,gpl-multilingual-e5-base,exp2,ID,-0.1081
16,harta yang paling bernilai,gpl-multilingual-e5-base,exp2,ID,0.5789
17,kewajiban seorang umat awam,gpl-multilingual-e5-base,exp2,ID,-0.9747
18,penyebab gempa bumi,gpl-multilingual-e5-base,exp2,ID,
19,jenis jenis kemelekatan,gpl-multilingual-e5-base,exp2,ID,0.7071
20,penggambaran terhadap keagungan buddha,gpl-multilingual-e5-base,exp2,ID,-0.4104
21,jenis jenis manusia,gpl-multilingual-e5-base,exp2,ID,0.2052
22,cara mengikis kotoran batin,gpl-multilingual-e5-base,exp2,ID,0.2
23,penjelasan tentang pandangan terang,gpl-multilingual-e5-base,exp2,ID,0.7379
24,apa yang terjadi pada saat pencapaian pencerahan,gpl-multilingual-e5-base,exp2,ID,0.7071
25,perasaan malu dan takut,gpl-multilingual-e5-base,exp2,ID,0.1118
26,bersatu di kehidupan selanjutnya,gpl-multilingual-e5-base,exp2,ID,0.4
27,jenis jenis karma buruk,gpl-multilingual-e5-base,exp2,ID,1.0
28,berbagai jenis perbuatan baik,gpl-multilingual-e5-base,exp2,ID,0.1118
29,jenis orang yang tak boleh ditahbiskan,gpl-multilingual-e5-base,exp2,ID,-0.2
30,apa itu proliferasi mental,gpl-multilingual-e5-base,exp2,ID,0.7071
1,cara mengatasi kemarahan,gpl-multilingual-e5-base,exp3,ID,-0.7906
2,cara mengatasi ngantuk,gpl-multilingual-e5-base,exp3,ID,0.0
3,apa penyebab penderitaan,gpl-multilingual-e5-base,exp3,ID,0.8944
4,mengapa harus membalas budi orangtua,gpl-multilingual-e5-base,exp3,ID,0.8944
5,perumpamaan perumpamaan,gpl-multilingual-e5-base,exp3,ID,0.866
6,apa itu kemurahan hati,gpl-multilingual-e5-base,exp3,ID,0.9733
7,penjelasan tentang perhatian murni,gpl-multilingual-e5-base,exp3,ID,-0.2052
8,manfaat pelaksaan sila,gpl-multilingual-e5-base,exp3,ID,0.4617
9,jenis jenis kotoran batin,gpl-multilingual-e5-base,exp3,ID,-0.3591
10,kriteria kesucian,gpl-multilingual-e5-base,exp3,ID,0.8208
11,siapa yang layak disebut sebagai brahmana,gpl-multilingual-e5-base,exp3,ID,0.7906
12,kewajiban seorang bhikkhu,gpl-multilingual-e5-base,exp3,ID,-0.5643
13,berbagai jenis pemberian,gpl-multilingual-e5-base,exp3,ID,-0.2887
14,apa makna kekosongan,gpl-multilingual-e5-base,exp3,ID,0.3078
15,apa kualitas yang harus dimiliki oleh seorang penceramah,gpl-multilingual-e5-base,exp3,ID,-0.0513
16,harta yang paling bernilai,gpl-multilingual-e5-base,exp3,ID,-0.8208
17,kewajiban seorang umat awam,gpl-multilingual-e5-base,exp3,ID,0.4588
18,penyebab gempa bumi,gpl-multilingual-e5-base,exp3,ID,
19,jenis jenis kemelekatan,gpl-multilingual-e5-base,exp3,ID,0.7071
20,penggambaran terhadap keagungan buddha,gpl-multilingual-e5-base,exp3,ID,0.2
21,jenis jenis manusia,gpl-multilingual-e5-base,exp3,ID,0.6156
22,cara mengikis kotoran batin,gpl-multilingual-e5-base,exp3,ID,0.5643
23,penjelasan tentang pandangan terang,gpl-multilingual-e5-base,exp3,ID,-0.6669
24,apa yang terjadi pada saat pencapaian pencerahan,gpl-multilingual-e5-base,exp3,ID,0.2236
25,perasaan malu dan takut,gpl-multilingual-e5-base,exp3,ID,-0.1026
26,bersatu di kehidupan selanjutnya,gpl-multilingual-e5-base,exp3,ID,-0.2052
27,jenis jenis karma buruk,gpl-multilingual-e5-base,exp3,ID,0.2294
28,berbagai jenis perbuatan baik,gpl-multilingual-e5-base,exp3,ID,0.866
29,jenis orang yang tak boleh ditahbiskan,gpl-multilingual-e5-base,exp3,ID,0.3536
30,apa itu proliferasi mental,gpl-multilingual-e5-base,exp3,ID,0.0
1,cara mengatasi kemarahan,gpl-multilingual-e5-base,exp4,ID,0.7182
2,cara mengatasi ngantuk,gpl-multilingual-e5-base,exp4,ID,0.8721
3,apa penyebab penderitaan,gpl-multilingual-e5-base,exp4,ID,-0.3536
4,mengapa harus membalas budi orangtua,gpl-multilingual-e5-base,exp4,ID,0.7826
5,perumpamaan perumpamaan,gpl-multilingual-e5-base,exp4,ID,0.2294
6,apa itu kemurahan hati,gpl-multilingual-e5-base,exp4,ID,-0.1539
7,penjelasan tentang perhatian murni,gpl-multilingual-e5-base,exp4,ID,-0.1
8,manfaat pelaksaan sila,gpl-multilingual-e5-base,exp4,ID,0.6669
9,jenis jenis kotoran batin,gpl-multilingual-e5-base,exp4,ID,-0.5526
10,kriteria kesucian,gpl-multilingual-e5-base,exp4,ID,0.1026
11,siapa yang layak disebut sebagai brahmana,gpl-multilingual-e5-base,exp4,ID,-0.3536
12,kewajiban seorang bhikkhu,gpl-multilingual-e5-base,exp4,ID,-0.1581
13,berbagai jenis pemberian,gpl-multilingual-e5-base,exp4,ID,-0.1054
14,apa makna kekosongan,gpl-multilingual-e5-base,exp4,ID,
15,apa kualitas yang harus dimiliki oleh seorang penceramah,gpl-multilingual-e5-base,exp4,ID,-0.8944
16,harta yang paling bernilai,gpl-multilingual-e5-base,exp4,ID,-0.3536
17,kewajiban seorang umat awam,gpl-multilingual-e5-base,exp4,ID,-0.3162
18,penyebab gempa bumi,gpl-multilingual-e5-base,exp4,ID,
19,jenis jenis kemelekatan,gpl-multilingual-e5-base,exp4,ID,0.7071
20,penggambaran terhadap keagungan buddha,gpl-multilingual-e5-base,exp4,ID,-0.5643
21,jenis jenis manusia,gpl-multilingual-e5-base,exp4,ID,0.2962
22,cara mengikis kotoran batin,gpl-multilingual-e5-base,exp4,ID,0.0527
23,penjelasan tentang pandangan terang,gpl-multilingual-e5-base,exp4,ID,-0.9177
24,apa yang terjadi pada saat pencapaian pencerahan,gpl-multilingual-e5-base,exp4,ID,-0.7182
25,perasaan malu dan takut,gpl-multilingual-e5-base,exp4,ID,0.4472
26,bersatu di kehidupan selanjutnya,gpl-multilingual-e5-base,exp4,ID,-0.6669
27,jenis jenis karma buruk,gpl-multilingual-e5-base,exp4,ID,0.5643
28,berbagai jenis perbuatan baik,gpl-multilingual-e5-base,exp4,ID,0.5643
29,jenis orang yang tak boleh ditahbiskan,gpl-multilingual-e5-base,exp4,ID,0.8944
30,apa itu proliferasi mental,gpl-multilingual-e5-base,exp4,ID,0.0
1,cara mengatasi kemarahan,gpl-multilingual-e5-base,exp4.1,ID,0.7182
2,cara mengatasi ngantuk,gpl-multilingual-e5-base,exp4.1,ID,0.0513
3,apa penyebab penderitaan,gpl-multilingual-e5-base,exp4.1,ID,-0.7071
4,mengapa harus membalas budi orangtua,gpl-multilingual-e5-base,exp4.1,ID,0.8721
5,perumpamaan perumpamaan,gpl-multilingual-e5-base,exp4.1,ID,-0.9177
6,apa itu kemurahan hati,gpl-multilingual-e5-base,exp4.1,ID,-0.0513
7,penjelasan tentang perhatian murni,gpl-multilingual-e5-base,exp4.1,ID,-0.3591
8,manfaat pelaksaan sila,gpl-multilingual-e5-base,exp4.1,ID,0.8721
9,jenis jenis kotoran batin,gpl-multilingual-e5-base,exp4.1,ID,-0.4617
10,kriteria kesucian,gpl-multilingual-e5-base,exp4.1,ID,-0.6156
11,siapa yang layak disebut sebagai brahmana,gpl-multilingual-e5-base,exp4.1,ID,0.6708
12,kewajiban seorang bhikkhu,gpl-multilingual-e5-base,exp4.1,ID,0.4617
13,berbagai jenis pemberian,gpl-multilingual-e5-base,exp4.1,ID,0.6325
14,apa makna kekosongan,gpl-multilingual-e5-base,exp4.1,ID,
15,apa kualitas yang harus dimiliki oleh seorang penceramah,gpl-multilingual-e5-base,exp4.1,ID,-0.5774
16,harta yang paling bernilai,gpl-multilingual-e5-base,exp4.1,ID,-0.3536
17,kewajiban seorang umat awam,gpl-multilingual-e5-base,exp4.1,ID,-0.527
18,penyebab gempa bumi,gpl-multilingual-e5-base,exp4.1,ID,
19,jenis jenis kemelekatan,gpl-multilingual-e5-base,exp4.1,ID,
20,penggambaran terhadap keagungan buddha,gpl-multilingual-e5-base,exp4.1,ID,-0.2635
21,jenis jenis manusia,gpl-multilingual-e5-base,exp4.1,ID,0.8885
22,cara mengikis kotoran batin,gpl-multilingual-e5-base,exp4.1,ID,0.5643
23,penjelasan tentang pandangan terang,gpl-multilingual-e5-base,exp4.1,ID,0.2294
24,apa yang terjadi pada saat pencapaian pencerahan,gpl-multilingual-e5-base,exp4.1,ID,-0.6
25,perasaan malu dan takut,gpl-multilingual-e5-base,exp4.1,ID,0.4472
26,bersatu di kehidupan selanjutnya,gpl-multilingual-e5-base,exp4.1,ID,-0.6708
27,jenis jenis karma buruk,gpl-multilingual-e5-base,exp4.1,ID,0.5643
28,berbagai jenis perbuatan baik,gpl-multilingual-e5-base,exp4.1,ID,0.3354
29,jenis orang yang tak boleh ditahbiskan,gpl-multilingual-e5-base,exp4.1,ID,0.8944
30,apa itu proliferasi mental,gpl-multilingual-e5-base,exp4.1,ID,0.0
1,cara mengatasi kemarahan,gpl-multilingual-e5-base,exp4.2,ID,0.2236
2,cara mengatasi ngantuk,gpl-multilingual-e5-base,exp4.2,ID,
3,apa penyebab penderitaan,gpl-multilingual-e5-base,exp4.2,ID,-0.4104
4,mengapa harus membalas budi orangtua,gpl-multilingual-e5-base,exp4.2,ID,0.0
5,perumpamaan perumpamaan,gpl-multilingual-e5-base,exp4.2,ID,
6,apa itu kemurahan hati,gpl-multilingual-e5-base,exp4.2,ID,0.0513
7,penjelasan tentang perhatian murni,gpl-multilingual-e5-base,exp4.2,ID,-0.3
8,manfaat pelaksaan sila,gpl-multilingual-e5-base,exp4.2,ID,0.6669
9,jenis jenis kotoran batin,gpl-multilingual-e5-base,exp4.2,ID,-0.3591
10,kriteria kesucian,gpl-multilingual-e5-base,exp4.2,ID,-0.4
11,siapa yang layak disebut sebagai brahmana,gpl-multilingual-e5-base,exp4.2,ID,-0.7826
12,kewajiban seorang bhikkhu,gpl-multilingual-e5-base,exp4.2,ID,0.4472
13,berbagai jenis pemberian,gpl-multilingual-e5-base,exp4.2,ID,0.7906
14,apa makna kekosongan,gpl-multilingual-e5-base,exp4.2,ID,-0.6669
15,apa kualitas yang harus dimiliki oleh seorang penceramah,gpl-multilingual-e5-base,exp4.2,ID,0.9733
16,harta yang paling bernilai,gpl-multilingual-e5-base,exp4.2,ID,-0.7182
17,kewajiban seorang umat awam,gpl-multilingual-e5-base,exp4.2,ID,-0.4
18,penyebab gempa bumi,gpl-multilingual-e5-base,exp4.2,ID,
19,jenis jenis kemelekatan,gpl-multilingual-e5-base,exp4.2,ID,0.7071
20,penggambaran terhadap keagungan buddha,gpl-multilingual-e5-base,exp4.2,ID,-0.1539
21,jenis jenis manusia,gpl-multilingual-e5-base,exp4.2,ID,
22,cara mengikis kotoran batin,gpl-multilingual-e5-base,exp4.2,ID,0.5643
23,penjelasan tentang pandangan terang,gpl-multilingual-e5-base,exp4.2,ID,-0.9177
24,apa yang terjadi pada saat pencapaian pencerahan,gpl-multilingual-e5-base,exp4.2,ID,-0.7182
25,perasaan malu dan takut,gpl-multilingual-e5-base,exp4.2,ID,-0.7826
26,bersatu di kehidupan selanjutnya,gpl-multilingual-e5-base,exp4.2,ID,0.8208
27,jenis jenis karma buruk,gpl-multilingual-e5-base,exp4.2,ID,0.5643
28,berbagai jenis perbuatan baik,gpl-multilingual-e5-base,exp4.2,ID,0.2236
29,jenis orang yang tak boleh ditahbiskan,gpl-multilingual-e5-base,exp4.2,ID,-0.1026
30,apa itu proliferasi mental,gpl-multilingual-e5-base,exp4.2,ID,0.8944
1,cara mengatasi kemarahan,gpl-multilingual-e5-base,exp4.3,ID,0.8603
2,cara mengatasi ngantuk,gpl-multilingual-e5-base,exp4.3,ID,0.2887
3,apa penyebab penderitaan,gpl-multilingual-e5-base,exp4.3,ID,0.0
4,mengapa harus membalas budi orangtua,gpl-multilingual-e5-base,exp4.3,ID,-0.1814
5,perumpamaan perumpamaan,gpl-multilingual-e5-base,exp4.3,ID,0.7746
6,apa itu kemurahan hati,gpl-multilingual-e5-base,exp4.3,ID,0.0513
7,penjelasan tentang perhatian murni,gpl-multilingual-e5-base,exp4.3,ID,0.2052
8,manfaat pelaksaan sila,gpl-multilingual-e5-base,exp4.3,ID,-0.1026
9,jenis jenis kotoran batin,gpl-multilingual-e5-base,exp4.3,ID,-0.1026
10,kriteria kesucian,gpl-multilingual-e5-base,exp4.3,ID,0.8
11,siapa yang layak disebut sebagai brahmana,gpl-multilingual-e5-base,exp4.3,ID,0.9
12,kewajiban seorang bhikkhu,gpl-multilingual-e5-base,exp4.3,ID,0.3354
13,berbagai jenis pemberian,gpl-multilingual-e5-base,exp4.3,ID,0.5774
14,apa makna kekosongan,gpl-multilingual-e5-base,exp4.3,ID,-0.5
15,apa kualitas yang harus dimiliki oleh seorang penceramah,gpl-multilingual-e5-base,exp4.3,ID,0.0
16,harta yang paling bernilai,gpl-multilingual-e5-base,exp4.3,ID,-0.7826
17,kewajiban seorang umat awam,gpl-multilingual-e5-base,exp4.3,ID,0.1581
18,penyebab gempa bumi,gpl-multilingual-e5-base,exp4.3,ID,
19,jenis jenis kemelekatan,gpl-multilingual-e5-base,exp4.3,ID,0.7071
20,penggambaran terhadap keagungan buddha,gpl-multilingual-e5-base,exp4.3,ID,0.1026
21,jenis jenis manusia,gpl-multilingual-e5-base,exp4.3,ID,-0.6325
22,cara mengikis kotoran batin,gpl-multilingual-e5-base,exp4.3,ID,-0.9
23,penjelasan tentang pandangan terang,gpl-multilingual-e5-base,exp4.3,ID,0.2294
24,apa yang terjadi pada saat pencapaian pencerahan,gpl-multilingual-e5-base,exp4.3,ID,-0.4472
25,perasaan malu dan takut,gpl-multilingual-e5-base,exp4.3,ID,-0.8721
26,bersatu di kehidupan selanjutnya,gpl-multilingual-e5-base,exp4.3,ID,-0.7
27,jenis jenis karma buruk,gpl-multilingual-e5-base,exp4.3,ID,0.7255
28,berbagai jenis perbuatan baik,gpl-multilingual-e5-base,exp4.3,ID,0.7071
29,jenis orang yang tak boleh ditahbiskan,gpl-multilingual-e5-base,exp4.3,ID,-0.7071
30,apa itu proliferasi mental,gpl-multilingual-e5-base,exp4.3,ID,0.0
1,cara mengatasi kemarahan,gpl-multilingual-e5-base,exp5.0,ID,0.1
2,cara mengatasi ngantuk,gpl-multilingual-e5-base,exp5.0,ID,0.7071
3,apa penyebab penderitaan,gpl-multilingual-e5-base,exp5.0,ID,0.6708
4,mengapa harus membalas budi orangtua,gpl-multilingual-e5-base,exp5.0,ID,0.3536
5,perumpamaan perumpamaan,gpl-multilingual-e5-base,exp5.0,ID,0.0
6,apa itu kemurahan hati,gpl-multilingual-e5-base,exp5.0,ID,0.5643
7,penjelasan tentang perhatian murni,gpl-multilingual-e5-base,exp5.0,ID,0.1
8,manfaat pelaksaan sila,gpl-multilingual-e5-base,exp5.0,ID,0.4104
9,jenis jenis kotoran batin,gpl-multilingual-e5-base,exp5.0,ID,0.9
10,kriteria kesucian,gpl-multilingual-e5-base,exp5.0,ID,0.6
11,siapa yang layak disebut sebagai brahmana,gpl-multilingual-e5-base,exp5.0,ID,0.7
12,kewajiban seorang bhikkhu,gpl-multilingual-e5-base,exp5.0,ID,0.3536
13,berbagai jenis pemberian,gpl-multilingual-e5-base,exp5.0,ID,0.527
14,apa makna kekosongan,gpl-multilingual-e5-base,exp5.0,ID,
15,apa kualitas yang harus dimiliki oleh seorang penceramah,gpl-multilingual-e5-base,exp5.0,ID,0.9
16,harta yang paling bernilai,gpl-multilingual-e5-base,exp5.0,ID,-0.4472
17,kewajiban seorang umat awam,gpl-multilingual-e5-base,exp5.0,ID,0.1
18,penyebab gempa bumi,gpl-multilingual-e5-base,exp5.0,ID,
19,jenis jenis kemelekatan,gpl-multilingual-e5-base,exp5.0,ID,
20,penggambaran terhadap keagungan buddha,gpl-multilingual-e5-base,exp5.0,ID,-0.2052
21,jenis jenis manusia,gpl-multilingual-e5-base,exp5.0,ID,-0.7071
22,cara mengikis kotoran batin,gpl-multilingual-e5-base,exp5.0,ID,0.9747
23,penjelasan tentang pandangan terang,gpl-multilingual-e5-base,exp5.0,ID,0.7
24,apa yang terjadi pada saat pencapaian pencerahan,gpl-multilingual-e5-base,exp5.0,ID,-0.4
25,perasaan malu dan takut,gpl-multilingual-e5-base,exp5.0,ID,-0.1118
26,bersatu di kehidupan selanjutnya,gpl-multilingual-e5-base,exp5.0,ID,-0.8721
27,jenis jenis karma buruk,gpl-multilingual-e5-base,exp5.0,ID,-0.7
28,berbagai jenis perbuatan baik,gpl-multilingual-e5-base,exp5.0,ID,0.7071
29,jenis orang yang tak boleh ditahbiskan,gpl-multilingual-e5-base,exp5.0,ID,-0.6708
30,apa itu proliferasi mental,gpl-multilingual-e5-base,exp5.0,ID,0.866
1,cara mengatasi kemarahan,gpl-multilingual-e5-base,exp5.1,ID,0.1
2,cara mengatasi ngantuk,gpl-multilingual-e5-base,exp5.1,ID,0.7071
3,apa penyebab penderitaan,gpl-multilingual-e5-base,exp5.1,ID,0.6708
4,mengapa harus membalas budi orangtua,gpl-multilingual-e5-base,exp5.1,ID,0.7071
5,perumpamaan perumpamaan,gpl-multilingual-e5-base,exp5.1,ID,0.0
6,apa itu kemurahan hati,gpl-multilingual-e5-base,exp5.1,ID,0.5643
7,penjelasan tentang perhatian murni,gpl-multilingual-e5-base,exp5.1,ID,0.1
8,manfaat pelaksaan sila,gpl-multilingual-e5-base,exp5.1,ID,0.5
9,jenis jenis kotoran batin,gpl-multilingual-e5-base,exp5.1,ID,0.7
10,kriteria kesucian,gpl-multilingual-e5-base,exp5.1,ID,0.0
11,siapa yang layak disebut sebagai brahmana,gpl-multilingual-e5-base,exp5.1,ID,0.9
12,kewajiban seorang bhikkhu,gpl-multilingual-e5-base,exp5.1,ID,0.7071
13,berbagai jenis pemberian,gpl-multilingual-e5-base,exp5.1,ID,0.527
14,apa makna kekosongan,gpl-multilingual-e5-base,exp5.1,ID,
15,apa kualitas yang harus dimiliki oleh seorang penceramah,gpl-multilingual-e5-base,exp5.1,ID,0.9
16,harta yang paling bernilai,gpl-multilingual-e5-base,exp5.1,ID,-0.4472
17,kewajiban seorang umat awam,gpl-multilingual-e5-base,exp5.1,ID,0.1
18,penyebab gempa bumi,gpl-multilingual-e5-base,exp5.1,ID,
19,jenis jenis kemelekatan,gpl-multilingual-e5-base,exp5.1,ID,
20,penggambaran terhadap keagungan buddha,gpl-multilingual-e5-base,exp5.1,ID,-0.2236
21,jenis jenis manusia,gpl-multilingual-e5-base,exp5.1,ID,-0.7071
22,cara mengikis kotoran batin,gpl-multilingual-e5-base,exp5.1,ID,0.9747
23,penjelasan tentang pandangan terang,gpl-multilingual-e5-base,exp5.1,ID,0.7
24,apa yang terjadi pada saat pencapaian pencerahan,gpl-multilingual-e5-base,exp5.1,ID,0.0513
25,perasaan malu dan takut,gpl-multilingual-e5-base,exp5.1,ID,-0.3536
26,bersatu di kehidupan selanjutnya,gpl-multilingual-e5-base,exp5.1,ID,-0.2236
27,jenis jenis karma buruk,gpl-multilingual-e5-base,exp5.1,ID,-0.0278
28,berbagai jenis perbuatan baik,gpl-multilingual-e5-base,exp5.1,ID,0.7071
29,jenis orang yang tak boleh ditahbiskan,gpl-multilingual-e5-base,exp5.1,ID,0.4472
30,apa itu proliferasi mental,gpl-multilingual-e5-base,exp5.1,ID,0.866
1,cara mengatasi kemarahan,gpl-multilingual-e5-base,exp5.2,ID,0.1539
2,cara mengatasi ngantuk,gpl-multilingual-e5-base,exp5.2,ID,0.7071
3,apa penyebab penderitaan,gpl-multilingual-e5-base,exp5.2,ID,0.6708
4,mengapa harus membalas budi orangtua,gpl-multilingual-e5-base,exp5.2,ID,0.3536
5,perumpamaan perumpamaan,gpl-multilingual-e5-base,exp5.2,ID,
6,apa itu kemurahan hati,gpl-multilingual-e5-base,exp5.2,ID,0.3162
7,penjelasan tentang perhatian murni,gpl-multilingual-e5-base,exp5.2,ID,0.5
8,manfaat pelaksaan sila,gpl-multilingual-e5-base,exp5.2,ID,0.6669
9,jenis jenis kotoran batin,gpl-multilingual-e5-base,exp5.2,ID,1.0
10,kriteria kesucian,gpl-multilingual-e5-base,exp5.2,ID,0.0
11,siapa yang layak disebut sebagai brahmana,gpl-multilingual-e5-base,exp5.2,ID,0.7826
12,kewajiban seorang bhikkhu,gpl-multilingual-e5-base,exp5.2,ID,0.8944
13,berbagai jenis pemberian,gpl-multilingual-e5-base,exp5.2,ID,0.527
14,apa makna kekosongan,gpl-multilingual-e5-base,exp5.2,ID,0.7
15,apa kualitas yang harus dimiliki oleh seorang penceramah,gpl-multilingual-e5-base,exp5.2,ID,0.7
16,harta yang paling bernilai,gpl-multilingual-e5-base,exp5.2,ID,0.0
17,kewajiban seorang umat awam,gpl-multilingual-e5-base,exp5.2,ID,-0.2
18,penyebab gempa bumi,gpl-multilingual-e5-base,exp5.2,ID,
19,jenis jenis kemelekatan,gpl-multilingual-e5-base,exp5.2,ID,
20,penggambaran terhadap keagungan buddha,gpl-multilingual-e5-base,exp5.2,ID,0.4
21,jenis jenis manusia,gpl-multilingual-e5-base,exp5.2,ID,-0.6669
22,cara mengikis kotoran batin,gpl-multilingual-e5-base,exp5.2,ID,0.4
23,penjelasan tentang pandangan terang,gpl-multilingual-e5-base,exp5.2,ID,-0.9747
24,apa yang terjadi pada saat pencapaian pencerahan,gpl-multilingual-e5-base,exp5.2,ID,-0.7071
25,perasaan malu dan takut,gpl-multilingual-e5-base,exp5.2,ID,0.6669
26,bersatu di kehidupan selanjutnya,gpl-multilingual-e5-base,exp5.2,ID,-0.9
27,jenis jenis karma buruk,gpl-multilingual-e5-base,exp5.2,ID,-0.8
28,berbagai jenis perbuatan baik,gpl-multilingual-e5-base,exp5.2,ID,
29,jenis orang yang tak boleh ditahbiskan,gpl-multilingual-e5-base,exp5.2,ID,-0.6882
30,apa itu proliferasi mental,gpl-multilingual-e5-base,exp5.2,ID,0.8944
1,cara mengatasi kemarahan,gpl-multilingual-e5-base,exp5.3,ID,0.4472
2,cara mengatasi ngantuk,gpl-multilingual-e5-base,exp5.3,ID,0.7071
3,apa penyebab penderitaan,gpl-multilingual-e5-base,exp5.3,ID,0.8944
4,mengapa harus membalas budi orangtua,gpl-multilingual-e5-base,exp5.3,ID,0.8944
5,perumpamaan perumpamaan,gpl-multilingual-e5-base,exp5.3,ID,0.7071
6,apa itu kemurahan hati,gpl-multilingual-e5-base,exp5.3,ID,0.3
7,penjelasan tentang perhatian murni,gpl-multilingual-e5-base,exp5.3,ID,-0.5
8,manfaat pelaksaan sila,gpl-multilingual-e5-base,exp5.3,ID,0.8721
9,jenis jenis kotoran batin,gpl-multilingual-e5-base,exp5.3,ID,0.8208
10,kriteria kesucian,gpl-multilingual-e5-base,exp5.3,ID,0.0
11,siapa yang layak disebut sebagai brahmana,gpl-multilingual-e5-base,exp5.3,ID,0.6669
12,kewajiban seorang bhikkhu,gpl-multilingual-e5-base,exp5.3,ID,0.7826
13,berbagai jenis pemberian,gpl-multilingual-e5-base,exp5.3,ID,0.0
14,apa makna kekosongan,gpl-multilingual-e5-base,exp5.3,ID,-0.7379
15,apa kualitas yang harus dimiliki oleh seorang penceramah,gpl-multilingual-e5-base,exp5.3,ID,0.6
16,harta yang paling bernilai,gpl-multilingual-e5-base,exp5.3,ID,-0.1539
17,kewajiban seorang umat awam,gpl-multilingual-e5-base,exp5.3,ID,0.0513
18,penyebab gempa bumi,gpl-multilingual-e5-base,exp5.3,ID,
19,jenis jenis kemelekatan,gpl-multilingual-e5-base,exp5.3,ID,
20,penggambaran terhadap keagungan buddha,gpl-multilingual-e5-base,exp5.3,ID,0.4
21,jenis jenis manusia,gpl-multilingual-e5-base,exp5.3,ID,-0.5
22,cara mengikis kotoran batin,gpl-multilingual-e5-base,exp5.3,ID,0.4
23,penjelasan tentang pandangan terang,gpl-multilingual-e5-base,exp5.3,ID,0.0513
24,apa yang terjadi pada saat pencapaian pencerahan,gpl-multilingual-e5-base,exp5.3,ID,0.8721
25,perasaan malu dan takut,gpl-multilingual-e5-base,exp5.3,ID,-0.3591
26,bersatu di kehidupan selanjutnya,gpl-multilingual-e5-base,exp5.3,ID,-0.8944
27,jenis jenis karma buruk,gpl-multilingual-e5-base,exp5.3,ID,-0.0278
28,berbagai jenis perbuatan baik,gpl-multilingual-e5-base,exp5.3,ID,0.0
29,jenis orang yang tak boleh ditahbiskan,gpl-multilingual-e5-base,exp5.3,ID,0.2236
30,apa itu proliferasi mental,gpl-multilingual-e5-base,exp5.3,ID,0.866
1,cara mengatasi kemarahan,gpl-multilingual-e5-base,exp5.4,ID,0.1539
2,cara mengatasi ngantuk,gpl-multilingual-e5-base,exp5.4,ID,
3,apa penyebab penderitaan,gpl-multilingual-e5-base,exp5.4,ID,0.6708
4,mengapa harus membalas budi orangtua,gpl-multilingual-e5-base,exp5.4,ID,0.3536
5,perumpamaan perumpamaan,gpl-multilingual-e5-base,exp5.4,ID,0.8839
6,apa itu kemurahan hati,gpl-multilingual-e5-base,exp5.4,ID,0.7182
7,penjelasan tentang perhatian murni,gpl-multilingual-e5-base,exp5.4,ID,0.1
8,manfaat pelaksaan sila,gpl-multilingual-e5-base,exp5.4,ID,0.1539
9,jenis jenis kotoran batin,gpl-multilingual-e5-base,exp5.4,ID,0.6
10,kriteria kesucian,gpl-multilingual-e5-base,exp5.4,ID,0.7182
11,siapa yang layak disebut sebagai brahmana,gpl-multilingual-e5-base,exp5.4,ID,0.7906
12,kewajiban seorang bhikkhu,gpl-multilingual-e5-base,exp5.4,ID,0.9487
13,berbagai jenis pemberian,gpl-multilingual-e5-base,exp5.4,ID,0.527
14,apa makna kekosongan,gpl-multilingual-e5-base,exp5.4,ID,0.7454
15,apa kualitas yang harus dimiliki oleh seorang penceramah,gpl-multilingual-e5-base,exp5.4,ID,0.8208
16,harta yang paling bernilai,gpl-multilingual-e5-base,exp5.4,ID,-0.4472
17,kewajiban seorang umat awam,gpl-multilingual-e5-base,exp5.4,ID,-0.0513
18,penyebab gempa bumi,gpl-multilingual-e5-base,exp5.4,ID,
19,jenis jenis kemelekatan,gpl-multilingual-e5-base,exp5.4,ID,
20,penggambaran terhadap keagungan buddha,gpl-multilingual-e5-base,exp5.4,ID,-0.9177
21,jenis jenis manusia,gpl-multilingual-e5-base,exp5.4,ID,0.8
22,cara mengikis kotoran batin,gpl-multilingual-e5-base,exp5.4,ID,-0.0513
23,penjelasan tentang pandangan terang,gpl-multilingual-e5-base,exp5.4,ID,0.3591
24,apa yang terjadi pada saat pencapaian pencerahan,gpl-multilingual-e5-base,exp5.4,ID,-0.7
25,perasaan malu dan takut,gpl-multilingual-e5-base,exp5.4,ID,-0.1118
26,bersatu di kehidupan selanjutnya,gpl-multilingual-e5-base,exp5.4,ID,-0.8944
27,jenis jenis karma buruk,gpl-multilingual-e5-base,exp5.4,ID,-0.0278
28,berbagai jenis perbuatan baik,gpl-multilingual-e5-base,exp5.4,ID,0.7071
29,jenis orang yang tak boleh ditahbiskan,gpl-multilingual-e5-base,exp5.4,ID,-0.6708
30,apa itu proliferasi mental,gpl-multilingual-e5-base,exp5.4,ID,0.866
1,cara mengatasi kemarahan,gpl-multilingual-e5-base,exp5.4.1,ID,-0.1026
2,cara mengatasi ngantuk,gpl-multilingual-e5-base,exp5.4.1,ID,0.7071
3,apa penyebab penderitaan,gpl-multilingual-e5-base,exp5.4.1,ID,0.6708
4,mengapa harus membalas budi orangtua,gpl-multilingual-e5-base,exp5.4.1,ID,0.7071
5,perumpamaan perumpamaan,gpl-multilingual-e5-base,exp5.4.1,ID,0.8721
6,apa itu kemurahan hati,gpl-multilingual-e5-base,exp5.4.1,ID,0.7182
7,penjelasan tentang perhatian murni,gpl-multilingual-e5-base,exp5.4.1,ID,0.1
8,manfaat pelaksaan sila,gpl-multilingual-e5-base,exp5.4.1,ID,0.1539
9,jenis jenis kotoran batin,gpl-multilingual-e5-base,exp5.4.1,ID,0.4617
10,kriteria kesucian,gpl-multilingual-e5-base,exp5.4.1,ID,0.6
11,siapa yang layak disebut sebagai brahmana,gpl-multilingual-e5-base,exp5.4.1,ID,0.7906
12,kewajiban seorang bhikkhu,gpl-multilingual-e5-base,exp5.4.1,ID,0.9487
13,berbagai jenis pemberian,gpl-multilingual-e5-base,exp5.4.1,ID,0.527
14,apa makna kekosongan,gpl-multilingual-e5-base,exp5.4.1,ID,0.7454
15,apa kualitas yang harus dimiliki oleh seorang penceramah,gpl-multilingual-e5-base,exp5.4.1,ID,0.8208
16,harta yang paling bernilai,gpl-multilingual-e5-base,exp5.4.1,ID,-0.4472
17,kewajiban seorang umat awam,gpl-multilingual-e5-base,exp5.4.1,ID,-0.0513
18,penyebab gempa bumi,gpl-multilingual-e5-base,exp5.4.1,ID,
19,jenis jenis kemelekatan,gpl-multilingual-e5-base,exp5.4.1,ID,
20,penggambaran terhadap keagungan buddha,gpl-multilingual-e5-base,exp5.4.1,ID,-0.7906
21,jenis jenis manusia,gpl-multilingual-e5-base,exp5.4.1,ID,0.8
22,cara mengikis kotoran batin,gpl-multilingual-e5-base,exp5.4.1,ID,0.3591
23,penjelasan tentang pandangan terang,gpl-multilingual-e5-base,exp5.4.1,ID,0.3591
24,apa yang terjadi pada saat pencapaian pencerahan,gpl-multilingual-e5-base,exp5.4.1,ID,-0.1026
25,perasaan malu dan takut,gpl-multilingual-e5-base,exp5.4.1,ID,-0.3536
26,bersatu di kehidupan selanjutnya,gpl-multilingual-e5-base,exp5.4.1,ID,-0.8944
27,jenis jenis karma buruk,gpl-multilingual-e5-base,exp5.4.1,ID,-0.0278
28,berbagai jenis perbuatan baik,gpl-multilingual-e5-base,exp5.4.1,ID,0.7071
29,jenis orang yang tak boleh ditahbiskan,gpl-multilingual-e5-base,exp5.4.1,ID,0.4472
30,apa itu proliferasi mental,gpl-multilingual-e5-base,exp5.4.1,ID,0.866
1,cara mengatasi kemarahan,gpl-multilingual-e5-base,exp5.4.2,ID,-0.2236
2,cara mengatasi ngantuk,gpl-multilingual-e5-base,exp5.4.2,ID,0.7071
3,apa penyebab penderitaan,gpl-multilingual-e5-base,exp5.4.2,ID,0.8944
4,mengapa harus membalas budi orangtua,gpl-multilingual-e5-base,exp5.4.2,ID,0.3536
5,perumpamaan perumpamaan,gpl-multilingual-e5-base,exp5.4.2,ID,0.9487
6,apa itu kemurahan hati,gpl-multilingual-e5-base,exp5.4.2,ID,0.6
7,penjelasan tentang perhatian murni,gpl-multilingual-e5-base,exp5.4.2,ID,0.1
8,manfaat pelaksaan sila,gpl-multilingual-e5-base,exp5.4.2,ID,0.0
9,jenis jenis kotoran batin,gpl-multilingual-e5-base,exp5.4.2,ID,0.6669
10,kriteria kesucian,gpl-multilingual-e5-base,exp5.4.2,ID,0.4617
11,siapa yang layak disebut sebagai brahmana,gpl-multilingual-e5-base,exp5.4.2,ID,0.6
12,kewajiban seorang bhikkhu,gpl-multilingual-e5-base,exp5.4.2,ID,0.866
13,berbagai jenis pemberian,gpl-multilingual-e5-base,exp5.4.2,ID,0.527
14,apa makna kekosongan,gpl-multilingual-e5-base,exp5.4.2,ID,-0.5789
15,apa kualitas yang harus dimiliki oleh seorang penceramah,gpl-multilingual-e5-base,exp5.4.2,ID,0.2052
16,harta yang paling bernilai,gpl-multilingual-e5-base,exp5.4.2,ID,-0.5643
17,kewajiban seorang umat awam,gpl-multilingual-e5-base,exp5.4.2,ID,-0.2
18,penyebab gempa bumi,gpl-multilingual-e5-base,exp5.4.2,ID,
19,jenis jenis kemelekatan,gpl-multilingual-e5-base,exp5.4.2,ID,
20,penggambaran terhadap keagungan buddha,gpl-multilingual-e5-base,exp5.4.2,ID,-0.3
21,jenis jenis manusia,gpl-multilingual-e5-base,exp5.4.2,ID,0.4617
22,cara mengikis kotoran batin,gpl-multilingual-e5-base,exp5.4.2,ID,-0.6882
23,penjelasan tentang pandangan terang,gpl-multilingual-e5-base,exp5.4.2,ID,-0.9747
24,apa yang terjadi pada saat pencapaian pencerahan,gpl-multilingual-e5-base,exp5.4.2,ID,-0.6
25,perasaan malu dan takut,gpl-multilingual-e5-base,exp5.4.2,ID,0.6669
26,bersatu di kehidupan selanjutnya,gpl-multilingual-e5-base,exp5.4.2,ID,-0.6708
27,jenis jenis karma buruk,gpl-multilingual-e5-base,exp5.4.2,ID,-0.0278
28,berbagai jenis perbuatan baik,gpl-multilingual-e5-base,exp5.4.2,ID,
29,jenis orang yang tak boleh ditahbiskan,gpl-multilingual-e5-base,exp5.4.2,ID,0.7906
30,apa itu proliferasi mental,gpl-multilingual-e5-base,exp5.4.2,ID,0.866
1,cara mengatasi kemarahan,gpl-multilingual-e5-base,exp5.4.3,ID,0.0513
2,cara mengatasi ngantuk,gpl-multilingual-e5-base,exp5.4.3,ID,0.7071
3,apa penyebab penderitaan,gpl-multilingual-e5-base,exp5.4.3,ID,0.8944
4,mengapa harus membalas budi orangtua,gpl-multilingual-e5-base,exp5.4.3,ID,0.3536
5,perumpamaan perumpamaan,gpl-multilingual-e5-base,exp5.4.3,ID,0.7746
6,apa itu kemurahan hati,gpl-multilingual-e5-base,exp5.4.3,ID,0.6
7,penjelasan tentang perhatian murni,gpl-multilingual-e5-base,exp5.4.3,ID,-0.5
8,manfaat pelaksaan sila,gpl-multilingual-e5-base,exp5.4.3,ID,0.0
9,jenis jenis kotoran batin,gpl-multilingual-e5-base,exp5.4.3,ID,0.3
10,kriteria kesucian,gpl-multilingual-e5-base,exp5.4.3,ID,0.2052
11,siapa yang layak disebut sebagai brahmana,gpl-multilingual-e5-base,exp5.4.3,ID,0.4472
12,kewajiban seorang bhikkhu,gpl-multilingual-e5-base,exp5.4.3,ID,0.8944
13,berbagai jenis pemberian,gpl-multilingual-e5-base,exp5.4.3,ID,-0.3689
14,apa makna kekosongan,gpl-multilingual-e5-base,exp5.4.3,ID,-0.4617
15,apa kualitas yang harus dimiliki oleh seorang penceramah,gpl-multilingual-e5-base,exp5.4.3,ID,0.7
16,harta yang paling bernilai,gpl-multilingual-e5-base,exp5.4.3,ID,-0.5643
17,kewajiban seorang umat awam,gpl-multilingual-e5-base,exp5.4.3,ID,-0.2
18,penyebab gempa bumi,gpl-multilingual-e5-base,exp5.4.3,ID,
19,jenis jenis kemelekatan,gpl-multilingual-e5-base,exp5.4.3,ID,
20,penggambaran terhadap keagungan buddha,gpl-multilingual-e5-base,exp5.4.3,ID,-0.6
21,jenis jenis manusia,gpl-multilingual-e5-base,exp5.4.3,ID,0.7
22,cara mengikis kotoran batin,gpl-multilingual-e5-base,exp5.4.3,ID,0.2052
23,penjelasan tentang pandangan terang,gpl-multilingual-e5-base,exp5.4.3,ID,-0.6156
24,apa yang terjadi pada saat pencapaian pencerahan,gpl-multilingual-e5-base,exp5.4.3,ID,0.8
25,perasaan malu dan takut,gpl-multilingual-e5-base,exp5.4.3,ID,-0.3591
26,bersatu di kehidupan selanjutnya,gpl-multilingual-e5-base,exp5.4.3,ID,0.4472
27,jenis jenis karma buruk,gpl-multilingual-e5-base,exp5.4.3,ID,-0.0278
28,berbagai jenis perbuatan baik,gpl-multilingual-e5-base,exp5.4.3,ID,0.0
29,jenis orang yang tak boleh ditahbiskan,gpl-multilingual-e5-base,exp5.4.3,ID,0.4472
30,apa itu proliferasi mental,gpl-multilingual-e5-base,exp5.4.3,ID,0.866
1,cara mengatasi kemarahan,gpl-multilingual-e5-base,GPL,ID,0.0513
2,cara mengatasi ngantuk,gpl-multilingual-e5-base,GPL,ID,
3,apa penyebab penderitaan,gpl-multilingual-e5-base,GPL,ID,
4,mengapa harus membalas budi orangtua,gpl-multilingual-e5-base,GPL,ID,0.3536
5,perumpamaan perumpamaan,gpl-multilingual-e5-base,GPL,ID,0.9487
6,apa itu kemurahan hati,gpl-multilingual-e5-base,GPL,ID,-0.1026
7,penjelasan tentang perhatian murni,gpl-multilingual-e5-base,GPL,ID,0.0513
8,manfaat pelaksaan sila,gpl-multilingual-e5-base,GPL,ID,0.3591
9,jenis jenis kotoran batin,gpl-multilingual-e5-base,GPL,ID,0.1026
10,kriteria kesucian,gpl-multilingual-e5-base,GPL,ID,-0.7826
11,siapa yang layak disebut sebagai brahmana,gpl-multilingual-e5-base,GPL,ID,0.7071
12,kewajiban seorang bhikkhu,gpl-multilingual-e5-base,GPL,ID,0.2635
13,berbagai jenis pemberian,gpl-multilingual-e5-base,GPL,ID,0.6156
14,apa makna kekosongan,gpl-multilingual-e5-base,GPL,ID,
15,apa kualitas yang harus dimiliki oleh seorang penceramah,gpl-multilingual-e5-base,GPL,ID,0.4617
16,harta yang paling bernilai,gpl-multilingual-e5-base,GPL,ID,0.7071
17,kewajiban seorang umat awam,gpl-multilingual-e5-base,GPL,ID,0.0527
18,penyebab gempa bumi,gpl-multilingual-e5-base,GPL,ID,
19,jenis jenis kemelekatan,gpl-multilingual-e5-base,GPL,ID,0.7071
20,penggambaran terhadap keagungan buddha,gpl-multilingual-e5-base,GPL,ID,-0.3162
21,jenis jenis manusia,gpl-multilingual-e5-base,GPL,ID,0.0
22,cara mengikis kotoran batin,gpl-multilingual-e5-base,GPL,ID,0.7906
23,penjelasan tentang pandangan terang,gpl-multilingual-e5-base,GPL,ID,-0.2294
24,apa yang terjadi pada saat pencapaian pencerahan,gpl-multilingual-e5-base,GPL,ID,0.2887
25,perasaan malu dan takut,gpl-multilingual-e5-base,GPL,ID,0.3536
26,bersatu di kehidupan selanjutnya,gpl-multilingual-e5-base,GPL,ID,
27,jenis jenis karma buruk,gpl-multilingual-e5-base,GPL,ID,0.7826
28,berbagai jenis perbuatan baik,gpl-multilingual-e5-base,GPL,ID,-0.1026
29,jenis orang yang tak boleh ditahbiskan,gpl-multilingual-e5-base,GPL,ID,0.7071
30,apa itu proliferasi mental,gpl-multilingual-e5-base,GPL,ID,0.3536
1,cara mengatasi kemarahan,gte-multilingual-base,B,ID,0.3162
2,cara mengatasi ngantuk,gte-multilingual-base,B,ID,0.3627
3,apa penyebab penderitaan,gte-multilingual-base,B,ID,-0.7071
4,mengapa harus membalas budi orangtua,gte-multilingual-base,B,ID,0.0
5,perumpamaan perumpamaan,gte-multilingual-base,B,ID,
6,apa itu kemurahan hati,gte-multilingual-base,B,ID,0.7071
7,penjelasan tentang perhatian murni,gte-multilingual-base,B,ID,0.2887
8,manfaat pelaksaan sila,gte-multilingual-base,B,ID,-0.6669
9,jenis jenis kotoran batin,gte-multilingual-base,B,ID,0.2294
10,kriteria kesucian,gte-multilingual-base,B,ID,-0.6156
11,siapa yang layak disebut sebagai brahmana,gte-multilingual-base,B,ID,0.5643
12,kewajiban seorang bhikkhu,gte-multilingual-base,B,ID,0.0
13,berbagai jenis pemberian,gte-multilingual-base,B,ID,0.866
14,apa makna kekosongan,gte-multilingual-base,B,ID,0.7071
15,apa kualitas yang harus dimiliki oleh seorang penceramah,gte-multilingual-base,B,ID,0.527
16,harta yang paling bernilai,gte-multilingual-base,B,ID,0.2887
17,kewajiban seorang umat awam,gte-multilingual-base,B,ID,-0.2236
18,penyebab gempa bumi,gte-multilingual-base,B,ID,0.7071
19,jenis jenis kemelekatan,gte-multilingual-base,B,ID,0.7071
20,penggambaran terhadap keagungan buddha,gte-multilingual-base,B,ID,0.3078
21,jenis jenis manusia,gte-multilingual-base,B,ID,0.4472
22,cara mengikis kotoran batin,gte-multilingual-base,B,ID,0.866
23,penjelasan tentang pandangan terang,gte-multilingual-base,B,ID,-0.2962
24,apa yang terjadi pada saat pencapaian pencerahan,gte-multilingual-base,B,ID,0.5441
25,perasaan malu dan takut,gte-multilingual-base,B,ID,-0.2635
26,bersatu di kehidupan selanjutnya,gte-multilingual-base,B,ID,-0.527
27,jenis jenis karma buruk,gte-multilingual-base,B,ID,0.3591
28,berbagai jenis perbuatan baik,gte-multilingual-base,B,ID,0.8944
29,jenis orang yang tak boleh ditahbiskan,gte-multilingual-base,B,ID,0.0
30,apa itu proliferasi mental,gte-multilingual-base,B,ID,0.866
1,cara mengatasi kemarahan,gte-multilingual-base,exp5,ID,-0.866
2,cara mengatasi ngantuk,gte-multilingual-base,exp5,ID,0.8721
3,apa penyebab penderitaan,gte-multilingual-base,exp5,ID,0.7071
4,mengapa harus membalas budi orangtua,gte-multilingual-base,exp5,ID,0.8944
5,perumpamaan perumpamaan,gte-multilingual-base,exp5,ID,-0.866
6,apa itu kemurahan hati,gte-multilingual-base,exp5,ID,0.4472
7,penjelasan tentang perhatian murni,gte-multilingual-base,exp5,ID,0.7071
8,manfaat pelaksaan sila,gte-multilingual-base,exp5,ID,-0.6669
9,jenis jenis kotoran batin,gte-multilingual-base,exp5,ID,0.8944
10,kriteria kesucian,gte-multilingual-base,exp5,ID,0.1026
11,siapa yang layak disebut sebagai brahmana,gte-multilingual-base,exp5,ID,0.6156
12,kewajiban seorang bhikkhu,gte-multilingual-base,exp5,ID,0.5774
13,berbagai jenis pemberian,gte-multilingual-base,exp5,ID,0.0
14,apa makna kekosongan,gte-multilingual-base,exp5,ID,0.0
15,apa kualitas yang harus dimiliki oleh seorang penceramah,gte-multilingual-base,exp5,ID,0.4617
16,harta yang paling bernilai,gte-multilingual-base,exp5,ID,0.7071
17,kewajiban seorang umat awam,gte-multilingual-base,exp5,ID,0.1
18,penyebab gempa bumi,gte-multilingual-base,exp5,ID,
19,jenis jenis kemelekatan,gte-multilingual-base,exp5,ID,0.7071
20,penggambaran terhadap keagungan buddha,gte-multilingual-base,exp5,ID,0.8208
21,jenis jenis manusia,gte-multilingual-base,exp5,ID,-0.7071
22,cara mengikis kotoran batin,gte-multilingual-base,exp5,ID,-0.3162
23,penjelasan tentang pandangan terang,gte-multilingual-base,exp5,ID,0.4
24,apa yang terjadi pada saat pencapaian pencerahan,gte-multilingual-base,exp5,ID,0.3441
25,perasaan malu dan takut,gte-multilingual-base,exp5,ID,-0.1054
26,bersatu di kehidupan selanjutnya,gte-multilingual-base,exp5,ID,0.6325
27,jenis jenis karma buruk,gte-multilingual-base,exp5,ID,-0.0278
28,berbagai jenis perbuatan baik,gte-multilingual-base,exp5,ID,0.7071
29,jenis orang yang tak boleh ditahbiskan,gte-multilingual-base,exp5,ID,0.9747
30,apa itu proliferasi mental,gte-multilingual-base,exp5,ID,0.866
1,cara mengatasi kemarahan,multilingual-e5-base,B,ID,
2,cara mengatasi ngantuk,multilingual-e5-base,B,ID,0.2052
3,apa penyebab penderitaan,multilingual-e5-base,B,ID,-0.7071
4,mengapa harus membalas budi orangtua,multilingual-e5-base,B,ID,0.3536
5,perumpamaan perumpamaan,multilingual-e5-base,B,ID,0.866
6,apa itu kemurahan hati,multilingual-e5-base,B,ID,0.2236
7,penjelasan tentang perhatian murni,multilingual-e5-base,B,ID,0.1054
8,manfaat pelaksaan sila,multilingual-e5-base,B,ID,0.1622
9,jenis jenis kotoran batin,multilingual-e5-base,B,ID,-0.1579
10,kriteria kesucian,multilingual-e5-base,B,ID,-0.3689
11,siapa yang layak disebut sebagai brahmana,multilingual-e5-base,B,ID,0.2052
12,kewajiban seorang bhikkhu,multilingual-e5-base,B,ID,0.6669
13,berbagai jenis pemberian,multilingual-e5-base,B,ID,0.7906
14,apa makna kekosongan,multilingual-e5-base,B,ID,-0.7071
15,apa kualitas yang harus dimiliki oleh seorang penceramah,multilingual-e5-base,B,ID,0.4472
16,harta yang paling bernilai,multilingual-e5-base,B,ID,-0.0513
17,kewajiban seorang umat awam,multilingual-e5-base,B,ID,0.3536
18,penyebab gempa bumi,multilingual-e5-base,B,ID,
19,jenis jenis kemelekatan,multilingual-e5-base,B,ID,0.7071
20,penggambaran terhadap keagungan buddha,multilingual-e5-base,B,ID,0.3162
21,jenis jenis manusia,multilingual-e5-base,B,ID,
22,cara mengikis kotoran batin,multilingual-e5-base,B,ID,0.0
23,penjelasan tentang pandangan terang,multilingual-e5-base,B,ID,0.6669
24,apa yang terjadi pada saat pencapaian pencerahan,multilingual-e5-base,B,ID,-0.7255
25,perasaan malu dan takut,multilingual-e5-base,B,ID,0.4472
26,bersatu di kehidupan selanjutnya,multilingual-e5-base,B,ID,-0.3536
27,jenis jenis karma buruk,multilingual-e5-base,B,ID,0.7255
28,berbagai jenis perbuatan baik,multilingual-e5-base,B,ID,0.8944
29,jenis orang yang tak boleh ditahbiskan,multilingual-e5-base,B,ID,0.1026
30,apa itu proliferasi mental,multilingual-e5-base,B,ID,0.0
1,cara mengatasi kemarahan,multilingual-e5-base,exp5,ID,0.866
2,cara mengatasi ngantuk,multilingual-e5-base,exp5,ID,
3,apa penyebab penderitaan,multilingual-e5-base,exp5,ID,0.8944
4,mengapa harus membalas budi orangtua,multilingual-e5-base,exp5,ID,0.6708
5,perumpamaan perumpamaan,multilingual-e5-base,exp5,ID,0.866
6,apa itu kemurahan hati,multilingual-e5-base,exp5,ID,0.8944
7,penjelasan tentang perhatian murni,multilingual-e5-base,exp5,ID,0.6325
8,manfaat pelaksaan sila,multilingual-e5-base,exp5,ID,0.0
9,jenis jenis kotoran batin,multilingual-e5-base,exp5,ID,0.6156
10,kriteria kesucian,multilingual-e5-base,exp5,ID,0.4472
11,siapa yang layak disebut sebagai brahmana,multilingual-e5-base,exp5,ID,0.5774
12,kewajiban seorang bhikkhu,multilingual-e5-base,exp5,ID,0.5774
13,berbagai jenis pemberian,multilingual-e5-base,exp5,ID,0.0
14,apa makna kekosongan,multilingual-e5-base,exp5,ID,-0.6708
15,apa kualitas yang harus dimiliki oleh seorang penceramah,multilingual-e5-base,exp5,ID,0.2052
16,harta yang paling bernilai,multilingual-e5-base,exp5,ID,-0.6708
17,kewajiban seorang umat awam,multilingual-e5-base,exp5,ID,0.0513
18,penyebab gempa bumi,multilingual-e5-base,exp5,ID,
19,jenis jenis kemelekatan,multilingual-e5-base,exp5,ID,
20,penggambaran terhadap keagungan buddha,multilingual-e5-base,exp5,ID,-0.4
21,jenis jenis manusia,multilingual-e5-base,exp5,ID,0.7906
22,cara mengikis kotoran batin,multilingual-e5-base,exp5,ID,-0.2236
23,penjelasan tentang pandangan terang,multilingual-e5-base,exp5,ID,-0.0527
24,apa yang terjadi pada saat pencapaian pencerahan,multilingual-e5-base,exp5,ID,-0.0513
25,perasaan malu dan takut,multilingual-e5-base,exp5,ID,-0.6325
26,bersatu di kehidupan selanjutnya,multilingual-e5-base,exp5,ID,-0.2236
27,jenis jenis karma buruk,multilingual-e5-base,exp5,ID,-0.2163
28,berbagai jenis perbuatan baik,multilingual-e5-base,exp5,ID,0.7071
29,jenis orang yang tak boleh ditahbiskan,multilingual-e5-base,exp5,ID,0.9487
30,apa itu proliferasi mental,multilingual-e5-base,exp5,ID,0.866
